prod_id,date,equipment_id,product_code,production_qty,operating_hours,defect_qty
P-00001,2024-01-01,EQ-A01,PRD-004,185.0,15.9,6
P-00002,2024-01-01,EQ-A02,PRD-001,218.0,12.0,10
P-00003,2024-01-01,EQ-A03,PRD-006,230.0,13.0,7
P-00004,2024-01-01,EQ-B01,PRD-002,219.0,15.2,3
P-00005,2024-01-01,EQ-B02,PRD-001,303.0,16.1,3
P-00006,2024-01-01,EQ-B03,PRD-006,263.0,16.1,3
P-00007,2024-01-01,EQ-C01,PRD-001,316.0,16.5,5
P-00008,2024-01-01,EQ-C02,PRD-002,229.0,15.6,5
P-00009,2024-01-01,EQ-C03,PRD-005,331.0,14.2,7
P-00010,2024-01-02,EQ-A01,PRD-004,144.0,12.1,5
P-00011,2024-01-02,EQ-A02,PRD-001,297.0,15.4,9
P-00012,2024-01-02,EQ-A03,PRD-003,319.0,12.0,10
P-00013,2024-01-02,EQ-B01,PRD-002,230.0,17.1,2
P-00014,2024-01-02,EQ-B02,PRD-002,240.0,16.4,2
P-00015,2024-01-02,EQ-B03,PRD-003,447.0,17.1,5
P-00016,2024-01-02,EQ-C01,PRD-001,294.0,16.3,3
P-00017,2024-01-02,EQ-C02,PRD-001,260.0,13.3,3
P-00018,2024-01-02,EQ-C03,PRD-003,430.0,16.6,4
P-00019,2024-01-03,EQ-A01,PRD-002,225.0,16.0,10
P-00020,2024-01-03,EQ-A02,PRD-001,232.0,13.2,6
P-00021,2024-01-03,EQ-A03,PRD-005,263.0,12.2,6
P-00022,2024-01-03,EQ-B01,PRD-001,,17.2,4
P-00023,2024-01-03,EQ-B02,PRD-004,175.0,15.9,2
P-00024,2024-01-03,EQ-B03,PRD-003,423.0,16.4,2
P-00025,2024-01-03,EQ-C01,PRD-004,176.0,15.4,4
P-00026,2024-01-03,EQ-C02,PRD-004,155.0,13.9,5
P-00027,2024-01-03,EQ-C03,PRD-003,379.0,13.0,5
P-00028,2024-01-04,EQ-A01,PRD-001,245.0,13.2,7
P-00029,2024-01-04,EQ-A02,PRD-001,274.0,14.8,14
P-00030,2024-01-04,EQ-A03,PRD-003,466.0,15.7,27
P-00031,2024-01-04,EQ-B01,PRD-004,187.0,17.7,3
P-00032,2024-01-04,EQ-B02,PRD-001,259.0,14.2,2
P-00033,2024-01-04,EQ-B03,PRD-006,277.0,16.4,5
P-00034,2024-01-04,EQ-C01,PRD-002,200.0,15.6,2
P-00035,2024-01-04,EQ-C02,PRD-002,183.0,13.8,3
P-00036,2024-01-04,EQ-C03,PRD-005,351.0,15.7,10
P-00037,2024-01-05,EQ-A01,PRD-004,168.0,14.3,6
P-00038,2024-01-05,EQ-A02,PRD-001,213.0,12.3,11
P-00039,2024-01-05,EQ-A03,PRD-006,275.0,15.6,6
P-00040,2024-01-05,EQ-B01,PRD-001,258.0,15.0,3
P-00041,2024-01-05,EQ-B02,PRD-004,161.0,15.2,2
P-00042,2024-01-05,EQ-B03,PRD-003,480.0,17.7,4
P-00043,2024-01-05,EQ-C01,PRD-001,297.0,16.5,4
P-00044,2024-01-05,EQ-C02,PRD-001,306.0,16.9,10
P-00045,2024-01-05,EQ-C03,PRD-003,414.0,14.5,13
P-00046,2024-01-06,EQ-A02,PRD-004,74.0,6.9,3
P-00047,2024-01-06,EQ-A03,PRD-003,224.0,7.7,11
P-00048,2024-01-06,EQ-B01,PRD-001,132.0,7.2,0
P-00049,2024-01-06,EQ-B02,PRD-001,148.0,8.6,1
P-00050,2024-01-08,EQ-A01,PRD-004,151.0,13.0,6
P-00051,2024-01-08,EQ-A02,PRD-002,208.0,14.8,9
P-00052,2024-01-08,EQ-A03,PRD-003,353.0,12.3,8
P-00053,2024-01-08,EQ-B01,PRD-004,170.0,15.9,3
P-00054,2024-01-08,EQ-B02,PRD-002,205.0,14.9,3
P-00055,2024-01-08,EQ-B03,PRD-005,403.0,17.8,6
P-00056,2024-01-08,EQ-C01,PRD-002,212.0,,5
P-00057,2024-01-08,EQ-C02,PRD-004,173.0,15.0,4
P-00058,2024-01-08,EQ-C03,PRD-003,337.0,13.1,9
P-00059,2024-01-09,EQ-A01,PRD-004,185.0,15.7,9
P-00060,2024-01-09,EQ-A02,PRD-002,215.0,15.1,4
P-00061,2024-01-09,EQ-A03,PRD-006,206.0,12.8,9
P-00062,2024-01-09,EQ-B01,PRD-002,237.0,17.0,1
P-00063,2024-01-09,EQ-B02,PRD-004,189.0,17.4,2
P-00064,2024-01-09,EQ-B03,PRD-005,321.0,14.0,3
P-00065,2024-01-09,EQ-C01,PRD-002,182.0,14.3,5
P-00066,2024-01-09,EQ-C02,PRD-004,167.0,15.6,1
P-00067,2024-01-09,EQ-C03,PRD-003,349.0,13.2,10
P-00068,2024-01-10,EQ-A01,PRD-004,153.0,14.2,7
P-00069,2024-01-10,EQ-A02,PRD-004,172.0,15.3,5
P-00070,2024-01-10,EQ-A03,PRD-005,293.0,14.0,13
P-00071,2024-01-10,EQ-B01,PRD-004,158.0,15.3,2
P-00072,2024-01-10,EQ-B02,PRD-004,181.0,17.4,3
P-00073,2024-01-10,EQ-B03,PRD-003,464.0,17.1,6
P-00074,2024-01-10,EQ-C01,PRD-002,242.0,16.3,4
P-00075,2024-01-10,EQ-C02,PRD-004,165.0,14.0,1
P-00076,2024-01-10,EQ-C03,PRD-003,402.0,13.5,9
P-00077,2024-01-11,EQ-A01,PRD-002,219.0,15.1,12
P-00078,2024-01-11,EQ-A02,PRD-001,282.0,14.8,7
P-00079,2024-01-11,EQ-A03,PRD-006,246.0,15.1,6
P-00080,2024-01-11,EQ-B01,PRD-004,163.0,,0
P-00081,2024-01-11,EQ-B02,PRD-004,170.0,15.4,3
P-00082,2024-01-11,EQ-B03,PRD-005,332.0,16.2,2
P-00083,2024-01-11,EQ-C01,PRD-001,305.0,16.6,8
P-00084,2024-01-11,EQ-C02,PRD-002,207.0,16.2,6
P-00085,2024-01-11,EQ-C03,PRD-005,275.0,13.1,4
P-00086,2024-01-12,EQ-A01,PRD-002,221.0,15.1,6
P-00087,2024-01-12,EQ-A02,PRD-002,214.0,14.3,8
P-00088,2024-01-12,EQ-A03,PRD-003,442.0,15.1,19
P-00089,2024-01-12,EQ-B01,PRD-004,145.0,14.3,1
P-00090,2024-01-12,EQ-B02,PRD-001,277.0,14.5,3
P-00091,2024-01-12,EQ-B03,PRD-006,299.0,16.8,2
P-00092,2024-01-12,EQ-C01,PRD-002,205.0,16.0,2
P-00093,2024-01-12,EQ-C02,PRD-004,169.0,15.5,4
P-00094,2024-01-12,EQ-C03,PRD-005,278.0,13.5,2
P-00095,2024-01-13,EQ-A01,PRD-004,81.0,6.8,3
P-00096,2024-01-13,EQ-B01,PRD-004,102.0,8.8,1
P-00097,2024-01-15,EQ-A01,PRD-001,258.0,15.0,9
P-00098,2024-01-15,EQ-A02,PRD-001,259.0,13.2,6
P-00099,2024-01-15,EQ-A03,PRD-005,334.0,14.9,8
P-00100,2024-01-15,EQ-B01,PRD-004,170.0,16.4,1
P-00101,2024-01-15,EQ-B02,PRD-004,179.0,16.8,1
P-00102,2024-01-15,EQ-B03,PRD-006,263.0,15.2,4
P-00103,2024-01-15,EQ-C01,PRD-004,162.0,14.7,2
P-00104,2024-01-15,EQ-C02,PRD-004,189.0,16.9,4
P-00105,2024-01-15,EQ-C03,PRD-006,243.0,14.1,6
P-00106,2024-01-16,EQ-A01,PRD-004,188.0,15.9,6
P-00107,2024-01-16,EQ-A02,PRD-001,308.0,15.8,14
P-00108,2024-01-16,EQ-A03,PRD-006,259.0,15.2,6
P-00109,2024-01-16,EQ-B01,PRD-002,207.0,14.7,3
P-00110,2024-01-16,EQ-B02,PRD-002,180.0,14.2,2
P-00111,2024-01-16,EQ-B03,PRD-006,277.0,16.4,2
P-00112,2024-01-16,EQ-C01,PRD-001,242.0,13.4,6
P-00113,2024-01-16,EQ-C02,PRD-002,179.0,13.4,4
P-00114,2024-01-16,EQ-C03,PRD-006,258.0,16.4,5
P-00115,2024-01-17,EQ-A01,PRD-001,291.0,14.7,14
P-00116,2024-01-17,EQ-A02,PRD-004,177.0,15.6,9
P-00117,2024-01-17,EQ-A03,PRD-006,217.0,12.3,12
P-00118,2024-01-17,EQ-B01,PRD-002,191.0,14.8,1
P-00119,2024-01-17,EQ-B02,PRD-004,163.0,15.1,2
P-00120,2024-01-17,EQ-B03,PRD-003,375.0,14.5,6
P-00121,2024-01-17,EQ-C01,PRD-001,264.0,13.9,5
P-00122,2024-01-17,EQ-C02,PRD-001,278.0,15.5,7
P-00123,2024-01-17,EQ-C03,PRD-003,355.0,13.0,4
P-00124,2024-01-18,EQ-A01,PRD-001,251.0,12.7,9
P-00125,2024-01-18,EQ-A02,PRD-001,269.0,15.5,8
P-00126,2024-01-18,EQ-A03,PRD-006,222.0,12.6,11
P-00127,2024-01-18,EQ-B01,PRD-002,202.0,15.7,2
P-00128,2024-01-18,EQ-B02,PRD-004,187.0,17.2,2
P-00129,2024-01-18,EQ-B03,PRD-003,434.0,14.6,2
P-00130,2024-01-18,EQ-C01,PRD-002,,16.4,2
P-00131,2024-01-18,EQ-C02,PRD-004,166.0,15.4,4
P-00132,2024-01-18,EQ-C03,PRD-003,414.0,16.0,8
P-00133,2024-01-19,EQ-A01,PRD-001,240.0,,9
P-00134,2024-01-19,EQ-A02,PRD-004,163.0,15.4,5
P-00135,2024-01-19,EQ-A03,PRD-005,350.0,15.0,18
P-00136,2024-01-19,EQ-B01,PRD-001,282.0,14.1,3
P-00137,2024-01-19,EQ-B02,PRD-001,305.0,15.8,2
P-00138,2024-01-19,EQ-B03,PRD-003,433.0,15.7,5
P-00139,2024-01-19,EQ-C01,PRD-004,171.0,14.5,2
P-00140,2024-01-19,EQ-C02,PRD-001,268.0,14.0,7
P-00141,2024-01-19,EQ-C03,PRD-006,261.0,15.0,5
P-00142,2024-01-20,EQ-A02,PRD-002,86.0,6.6,3
P-00143,2024-01-20,EQ-A03,PRD-005,165.0,7.6,5
P-00144,2024-01-20,EQ-B02,PRD-004,82.0,7.9,0
P-00145,2024-01-20,EQ-B03,PRD-003,187.0,7.2,2
P-00146,2024-01-20,EQ-C01,PRD-004,90.0,8.1,2
P-00147,2024-01-20,EQ-C02,PRD-004,74.0,6.5,2
P-00148,2024-01-22,EQ-A01,PRD-002,192.0,14.3,4
P-00149,2024-01-22,EQ-A02,PRD-004,159.0,15.5,7
P-00150,2024-01-22,EQ-A03,PRD-005,335.0,14.7,15
P-00151,2024-01-22,EQ-B01,PRD-001,306.0,15.4,5
P-00152,2024-01-22,EQ-B02,PRD-002,242.0,17.9,2
P-00153,2024-01-22,EQ-B03,PRD-003,466.0,,5
P-00154,2024-01-22,EQ-C01,PRD-004,155.0,14.7,1
P-00155,2024-01-22,EQ-C02,PRD-002,205.0,13.9,6
P-00156,2024-01-22,EQ-C03,PRD-003,388.0,13.0,11
P-00157,2024-01-23,EQ-A01,PRD-001,256.0,13.7,13
P-00158,2024-01-23,EQ-A02,PRD-004,158.0,14.3,4
P-00159,2024-01-23,EQ-A03,PRD-003,359.0,13.2,13
P-00160,2024-01-23,EQ-B01,PRD-001,298.0,15.8,1
P-00161,2024-01-23,EQ-B02,PRD-004,166.0,14.8,2
P-00162,2024-01-23,EQ-B03,PRD-005,394.0,17.8,2
P-00163,2024-01-23,EQ-C01,PRD-002,200.0,14.2,3
P-00164,2024-01-23,EQ-C02,PRD-004,172.0,15.4,5
P-00165,2024-01-23,EQ-C03,PRD-006,211.0,13.2,3
P-00166,2024-01-24,EQ-A01,PRD-004,168.0,14.8,6
P-00167,2024-01-24,EQ-A02,PRD-004,156.0,14.3,7
P-00168,2024-01-24,EQ-A03,PRD-006,283.0,15.8,10
P-00169,2024-01-24,EQ-B01,PRD-001,256.0,14.2,1
P-00170,2024-01-24,EQ-B02,PRD-001,289.0,15.6,4
P-00171,2024-01-24,EQ-B03,PRD-005,327.0,15.8,2
P-00172,2024-01-24,EQ-C01,PRD-004,173.0,15.3,4
P-00173,2024-01-24,EQ-C02,PRD-004,150.0,13.5,3
P-00174,2024-01-24,EQ-C03,PRD-006,255.0,16.1,8
P-00175,2024-01-25,EQ-A01,PRD-002,194.0,14.0,9
P-00176,2024-01-25,EQ-A02,PRD-002,188.0,12.6,5
P-00177,2024-01-25,EQ-A03,PRD-006,257.0,15.1,9
P-00178,2024-01-25,EQ-B01,PRD-002,233.0,17.3,2
P-00179,2024-01-25,EQ-B02,PRD-002,202.0,15.0,4
P-00180,2024-01-25,EQ-B03,PRD-005,357.0,17.0,5
P-00181,2024-01-25,EQ-C01,PRD-001,306.0,15.9,4
P-00182,2024-01-25,EQ-C02,PRD-001,302.0,15.2,5
P-00183,2024-01-25,EQ-C03,PRD-005,347.0,15.4,9
P-00184,2024-01-26,EQ-A01,PRD-004,138.0,12.5,6
P-00185,2024-01-26,EQ-A02,PRD-004,158.0,14.2,6
P-00186,2024-01-26,EQ-A03,PRD-005,286.0,12.7,12
P-00187,2024-01-26,EQ-B01,PRD-004,152.0,14.7,2
P-00188,2024-01-26,EQ-B02,PRD-002,210.0,15.8,3
P-00189,2024-01-26,EQ-B03,PRD-006,310.0,17.9,3
P-00190,2024-01-26,EQ-C01,PRD-004,179.0,15.2,1
P-00191,2024-01-26,EQ-C02,PRD-002,,14.3,6
P-00192,2024-01-26,EQ-C03,PRD-005,368.0,17.0,5
P-00193,2024-01-27,EQ-A02,PRD-002,89.0,6.5,1
P-00194,2024-01-27,EQ-B03,PRD-003,194.0,7.6,1
P-00195,2024-01-27,EQ-C03,PRD-006,122.0,7.9,3
P-00196,2024-01-29,EQ-A01,PRD-001,269.0,14.3,7
P-00197,2024-01-29,EQ-A02,PRD-004,139.0,12.9,6
P-00198,2024-01-29,EQ-A03,PRD-003,453.0,15.2,11
P-00199,2024-01-29,EQ-B01,PRD-002,179.0,14.1,1
P-00200,2024-01-29,EQ-B02,PRD-001,281.0,16.5,3
P-00201,2024-01-29,EQ-B03,PRD-005,352.0,16.6,5
P-00202,2024-01-29,EQ-C01,PRD-001,258.0,13.5,4
P-00203,2024-01-29,EQ-C02,PRD-004,181.0,16.7,4
P-00204,2024-01-29,EQ-C03,PRD-003,363.0,14.1,12
P-00205,2024-01-30,EQ-A01,PRD-002,215.0,15.7,9
P-00206,2024-01-30,EQ-A02,PRD-004,156.0,13.8,6
P-00207,2024-01-30,EQ-A03,PRD-003,351.0,12.0,15
P-00208,2024-01-30,EQ-B01,PRD-004,172.0,14.9,2
P-00209,2024-01-30,EQ-B02,PRD-004,198.0,17.3,1
P-00210,2024-01-30,EQ-B03,PRD-006,244.0,14.4,4
P-00211,2024-01-30,EQ-C01,PRD-001,247.0,13.6,2
P-00212,2024-01-30,EQ-C02,PRD-001,304.0,15.6,4
P-00213,2024-01-30,EQ-C03,PRD-003,437.0,15.0,6
P-00214,2024-01-31,EQ-A01,PRD-002,187.0,14.5,4
P-00215,2024-01-31,EQ-A02,PRD-002,171.0,13.0,6
P-00216,2024-01-31,EQ-A03,PRD-006,210.0,12.2,10
P-00217,2024-01-31,EQ-B01,PRD-001,311.0,17.7,5
P-00218,2024-01-31,EQ-B02,PRD-001,323.0,16.7,4
P-00219,2024-01-31,EQ-B03,PRD-006,253.0,15.6,4
P-00220,2024-01-31,EQ-C01,PRD-001,322.0,16.3,4
P-00221,2024-01-31,EQ-C02,PRD-004,172.0,15.9,1
P-00222,2024-01-31,EQ-C03,PRD-006,228.0,13.5,7
P-00223,2024-02-01,EQ-A01,PRD-004,145.0,13.0,5
P-00224,2024-02-01,EQ-A02,PRD-002,180.0,13.5,7
P-00225,2024-02-01,EQ-A03,PRD-005,311.0,14.0,11
P-00226,2024-02-01,EQ-B01,PRD-001,291.0,17.1,3
P-00227,2024-02-01,EQ-B02,PRD-004,198.0,17.3,3
P-00228,2024-02-01,EQ-B03,PRD-005,358.0,17.2,4
P-00229,2024-02-01,EQ-C01,PRD-004,175.0,16.7,4
P-00230,2024-02-01,EQ-C02,PRD-002,210.0,15.2,4
P-00231,2024-02-01,EQ-C03,PRD-003,437.0,14.7,13
P-00232,2024-02-02,EQ-A01,PRD-004,157.0,13.4,5
P-00233,2024-02-02,EQ-A02,PRD-001,240.0,12.7,14
P-00234,2024-02-02,EQ-A03,PRD-006,238.0,13.8,12
P-00235,2024-02-02,EQ-B01,PRD-002,226.0,15.7,4
P-00236,2024-02-02,EQ-B02,PRD-004,193.0,16.7,2
P-00237,2024-02-02,EQ-B03,PRD-006,271.0,17.0,1
P-00238,2024-02-02,EQ-C01,PRD-002,232.0,15.7,6
P-00239,2024-02-02,EQ-C02,PRD-004,171.0,16.5,5
P-00240,2024-02-02,EQ-C03,PRD-005,355.0,15.0,3
P-00241,2024-02-03,EQ-B01,PRD-004,96.0,8.1,0
P-00242,2024-02-03,EQ-B02,PRD-002,114.0,7.7,0
P-00243,2024-02-03,EQ-B03,PRD-006,129.0,7.9,2
P-00244,2024-02-03,EQ-C02,PRD-002,98.0,6.7,2
P-00245,2024-02-03,EQ-C03,PRD-003,208.0,7.6,6
P-00246,2024-02-05,EQ-A01,PRD-002,195.0,15.2,10
P-00247,2024-02-05,EQ-A02,PRD-002,189.0,14.4,5
P-00248,2024-02-05,EQ-A03,PRD-006,209.0,13.1,4
P-00249,2024-02-05,EQ-B01,PRD-004,189.0,17.5,0
P-00250,2024-02-05,EQ-B02,PRD-004,166.0,15.9,2
P-00251,2024-02-05,EQ-B03,PRD-003,396.0,15.1,4
P-00252,2024-02-05,EQ-C01,PRD-002,190.0,14.9,4
P-00253,2024-02-05,EQ-C02,PRD-001,242.0,13.8,3
P-00254,2024-02-05,EQ-C03,PRD-006,202.0,,2
P-00255,2024-02-06,EQ-A01,PRD-004,157.0,14.1,6
P-00256,2024-02-06,EQ-A02,PRD-004,142.0,12.3,7
P-00257,2024-02-06,EQ-A03,PRD-006,231.0,13.2,10
P-00258,2024-02-06,EQ-B01,PRD-002,226.0,15.5,1
P-00259,2024-02-06,EQ-B02,PRD-004,179.0,16.8,3
P-00260,2024-02-06,EQ-B03,PRD-003,428.0,15.7,4
P-00261,2024-02-06,EQ-C01,PRD-004,167.0,16.0,5
P-00262,2024-02-06,EQ-C02,PRD-004,139.0,13.5,4
P-00263,2024-02-06,EQ-C03,PRD-006,258.0,15.4,3
P-00264,2024-02-07,EQ-A01,PRD-001,248.0,13.7,7
P-00265,2024-02-07,EQ-A02,PRD-004,178.0,15.4,4
P-00266,2024-02-07,EQ-A03,PRD-005,313.0,14.8,8
P-00267,2024-02-07,EQ-B01,PRD-002,211.0,16.3,3
P-00268,2024-02-07,EQ-B02,PRD-002,231.0,15.8,1
P-00269,2024-02-07,EQ-B03,PRD-005,352.0,16.4,5
P-00270,2024-02-07,EQ-C01,PRD-001,268.0,15.0,6
P-00271,2024-02-07,EQ-C02,PRD-001,300.0,15.8,9
P-00272,2024-02-07,EQ-C03,PRD-005,367.0,15.7,8
P-00273,2024-02-08,EQ-A01,PRD-001,215.0,12.1,4
P-00274,2024-02-08,EQ-A02,PRD-001,275.0,14.1,15
P-00275,2024-02-08,EQ-A03,PRD-006,234.0,14.2,13
P-00276,2024-02-08,EQ-B01,PRD-002,235.0,17.1,3
P-00277,2024-02-08,EQ-B02,PRD-002,235.0,16.0,3
P-00278,2024-02-08,EQ-B03,PRD-006,247.0,15.2,4
P-00279,2024-02-08,EQ-C01,PRD-002,194.0,14.5,3
P-00280,2024-02-08,EQ-C02,PRD-001,236.0,13.8,5
P-00281,2024-02-08,EQ-C03,PRD-005,284.0,13.4,7
P-00282,2024-02-09,EQ-A01,PRD-001,277.0,15.2,13
P-00283,2024-02-09,EQ-A02,PRD-002,,15.4,6
P-00284,2024-02-09,EQ-A03,PRD-006,221.0,13.6,7
P-00285,2024-02-09,EQ-B01,PRD-002,247.0,16.6,4
P-00286,2024-02-09,EQ-B02,PRD-004,193.0,17.6,2
P-00287,2024-02-09,EQ-B03,PRD-003,410.0,14.1,2
P-00288,2024-02-09,EQ-C01,PRD-001,267.0,,8
P-00289,2024-02-09,EQ-C02,PRD-004,183.0,16.2,5
P-00290,2024-02-09,EQ-C03,PRD-006,241.0,15.4,2
P-00291,2024-02-10,EQ-A02,PRD-002,108.0,7.2,4
P-00292,2024-02-10,EQ-A03,PRD-005,133.0,6.0,7
P-00293,2024-02-10,EQ-B03,PRD-003,193.0,7.4,1
P-00294,2024-02-10,EQ-C01,PRD-002,120.0,8.3,1
P-00295,2024-02-10,EQ-C02,PRD-002,122.0,8.3,2
P-00296,2024-02-12,EQ-A01,PRD-002,172.0,13.2,8
P-00297,2024-02-12,EQ-A02,PRD-001,238.0,12.2,12
P-00298,2024-02-12,EQ-A03,PRD-006,243.0,14.3,12
P-00299,2024-02-12,EQ-B01,PRD-002,219.0,16.3,2
P-00300,2024-02-12,EQ-B02,PRD-001,336.0,17.5,2
P-00301,2024-02-12,EQ-B03,PRD-006,243.0,14.1,4
P-00302,2024-02-12,EQ-C01,PRD-004,153.0,13.9,2
P-00303,2024-02-12,EQ-C02,PRD-002,209.0,15.6,5
P-00304,2024-02-12,EQ-C03,PRD-005,360.0,15.2,9
P-00305,2024-02-13,EQ-A01,PRD-004,125.0,12.1,5
P-00306,2024-02-13,EQ-A02,PRD-002,193.0,12.9,9
P-00307,2024-02-13,EQ-A03,PRD-003,359.0,12.6,7
P-00308,2024-02-13,EQ-B01,PRD-001,310.0,17.3,3
P-00309,2024-02-13,EQ-B02,PRD-004,178.0,16.6,2
P-00310,2024-02-13,EQ-B03,PRD-003,445.0,15.1,2
P-00311,2024-02-13,EQ-C01,PRD-004,170.0,16.7,4
P-00312,2024-02-13,EQ-C02,PRD-002,233.0,15.9,3
P-00313,2024-02-13,EQ-C03,PRD-005,335.0,15.7,10
P-00314,2024-02-14,EQ-A01,PRD-004,171.0,15.9,8
P-00315,2024-02-14,EQ-A02,PRD-002,,14.7,10
P-00316,2024-02-14,EQ-A03,PRD-003,431.0,15.5,19
P-00317,2024-02-14,EQ-B01,PRD-001,256.0,15.1,2
P-00318,2024-02-14,EQ-B02,PRD-004,166.0,14.0,3
P-00319,2024-02-14,EQ-B03,PRD-005,,15.7,6
P-00320,2024-02-14,EQ-C01,PRD-004,156.0,,1
P-00321,2024-02-14,EQ-C02,PRD-002,230.0,16.6,3
P-00322,2024-02-14,EQ-C03,PRD-006,217.0,14.0,5
P-00323,2024-02-15,EQ-A01,PRD-002,196.0,15.1,10
P-00324,2024-02-15,EQ-A02,PRD-004,163.0,15.1,3
P-00325,2024-02-15,EQ-A03,PRD-003,389.0,14.6,13
P-00326,2024-02-15,EQ-B01,PRD-001,311.0,16.1,1
P-00327,2024-02-15,EQ-B02,PRD-001,262.0,15.2,2
P-00328,2024-02-15,EQ-B03,PRD-006,253.0,14.8,3
P-00329,2024-02-15,EQ-C01,PRD-001,278.0,14.8,5
P-00330,2024-02-15,EQ-C02,PRD-002,177.0,13.1,2
P-00331,2024-02-15,EQ-C03,PRD-003,433.0,16.2,12
P-00332,2024-02-16,EQ-A01,PRD-004,170.0,15.8,9
P-00333,2024-02-16,EQ-A02,PRD-002,213.0,14.6,7
P-00334,2024-02-16,EQ-A03,PRD-005,269.0,12.5,15
P-00335,2024-02-16,EQ-B01,PRD-002,191.0,14.7,1
P-00336,2024-02-16,EQ-B02,PRD-001,273.0,14.1,5
P-00337,2024-02-16,EQ-B03,PRD-003,475.0,16.2,8
P-00338,2024-02-16,EQ-C01,PRD-001,299.0,16.1,8
P-00339,2024-02-16,EQ-C02,PRD-004,148.0,13.9,3
P-00340,2024-02-16,EQ-C03,PRD-003,402.0,15.1,5
P-00341,2024-02-17,EQ-A02,PRD-002,110.0,7.8,4
P-00342,2024-02-17,EQ-A03,PRD-006,132.0,7.7,7
P-00343,2024-02-17,EQ-B01,PRD-002,107.0,7.6,1
P-00344,2024-02-17,EQ-B03,PRD-003,214.0,7.2,4
P-00345,2024-02-17,EQ-C02,PRD-001,129.0,7.2,2
P-00346,2024-02-19,EQ-A01,PRD-004,172.0,15.6,7
P-00347,2024-02-19,EQ-A02,PRD-002,201.0,14.9,7
P-00348,2024-02-19,EQ-A03,PRD-005,307.0,14.2,17
P-00349,2024-02-19,EQ-B01,PRD-001,341.0,18.0,2
P-00350,2024-02-19,EQ-B02,PRD-001,268.0,14.6,2
P-00351,2024-02-19,EQ-B03,PRD-005,338.0,16.2,6
P-00352,2024-02-19,EQ-C01,PRD-004,155.0,,4
P-00353,2024-02-19,EQ-C02,PRD-004,170.0,15.6,5
P-00354,2024-02-19,EQ-C03,PRD-003,471.0,17.0,10
P-00355,2024-02-20,EQ-A01,PRD-002,194.0,14.4,6
P-00356,2024-02-20,EQ-A02,PRD-004,145.0,13.8,6
P-00357,2024-02-20,EQ-A03,PRD-006,244.0,14.8,5
P-00358,2024-02-20,EQ-B01,PRD-004,158.0,15.0,1
P-00359,2024-02-20,EQ-B02,PRD-001,331.0,17.0,2
P-00360,2024-02-20,EQ-B03,PRD-003,441.0,15.6,7
P-00361,2024-02-20,EQ-C01,PRD-001,269.0,14.4,7
P-00362,2024-02-20,EQ-C02,PRD-004,165.0,15.0,2
P-00363,2024-02-20,EQ-C03,PRD-003,369.0,13.3,4
P-00364,2024-02-21,EQ-A01,PRD-002,206.0,14.1,8
P-00365,2024-02-21,EQ-A02,PRD-002,191.0,13.5,9
P-00366,2024-02-21,EQ-A03,PRD-005,328.0,16.0,15
P-00367,2024-02-21,EQ-B01,PRD-002,223.0,15.8,4
P-00368,2024-02-21,EQ-B02,PRD-001,259.0,14.8,2
P-00369,2024-02-21,EQ-B03,PRD-003,444.0,16.2,8
P-00370,2024-02-21,EQ-C01,PRD-002,206.0,14.7,5
P-00371,2024-02-21,EQ-C02,PRD-001,256.0,13.8,4
P-00372,2024-02-21,EQ-C03,PRD-003,422.0,14.2,7
P-00373,2024-02-22,EQ-A01,PRD-001,240.0,13.0,11
P-00374,2024-02-22,EQ-A02,PRD-002,209.0,15.6,11
P-00375,2024-02-22,EQ-A03,PRD-003,404.0,13.7,22
P-00376,2024-02-22,EQ-B01,PRD-002,254.0,17.1,2
P-00377,2024-02-22,EQ-B02,PRD-002,192.0,14.2,1
P-00378,2024-02-22,EQ-B03,PRD-006,232.0,15.0,2
P-00379,2024-02-22,EQ-C01,PRD-001,300.0,16.5,8
P-00380,2024-02-22,EQ-C02,PRD-001,229.0,13.3,3
P-00381,2024-02-22,EQ-C03,PRD-003,371.0,14.4,5
P-00382,2024-02-23,EQ-A01,PRD-001,248.0,12.9,9
P-00383,2024-02-23,EQ-A02,PRD-004,164.0,15.5,7
P-00384,2024-02-23,EQ-A03,PRD-003,446.0,15.3,22
P-00385,2024-02-23,EQ-B01,PRD-001,323.0,16.7,5
P-00386,2024-02-23,EQ-B02,PRD-001,340.0,17.4,6
P-00387,2024-02-23,EQ-B03,PRD-003,451.0,17.7,7
P-00388,2024-02-23,EQ-C01,PRD-002,192.0,14.4,3
P-00389,2024-02-23,EQ-C02,PRD-004,163.0,15.2,2
P-00390,2024-02-23,EQ-C03,PRD-006,254.0,14.2,3
P-00391,2024-02-24,EQ-A01,PRD-001,122.0,6.4,6
P-00392,2024-02-24,EQ-B02,PRD-001,151.0,8.2,1
P-00393,2024-02-24,EQ-C02,PRD-004,77.0,6.6,1
P-00394,2024-02-24,EQ-C03,PRD-003,199.0,7.2,3
P-00395,2024-02-26,EQ-A01,PRD-001,242.0,13.7,9
P-00396,2024-02-26,EQ-A02,PRD-004,150.0,13.9,7
P-00397,2024-02-26,EQ-A03,PRD-006,261.0,15.4,6
P-00398,2024-02-26,EQ-B01,PRD-001,281.0,14.6,1
P-00399,2024-02-26,EQ-B02,PRD-004,195.0,17.1,1
P-00400,2024-02-26,EQ-B03,PRD-003,461.0,16.9,8
P-00401,2024-02-26,EQ-C01,PRD-001,266.0,14.7,5
P-00402,2024-02-26,EQ-C02,PRD-002,176.0,13.7,2
P-00403,2024-02-26,EQ-C03,PRD-003,408.0,15.4,6
P-00404,2024-02-27,EQ-A01,PRD-004,169.0,15.9,7
P-00405,2024-02-27,EQ-A02,PRD-002,199.0,15.2,10
P-00406,2024-02-27,EQ-A03,PRD-003,458.0,15.5,27
P-00407,2024-02-27,EQ-B01,PRD-002,229.0,16.8,2
P-00408,2024-02-27,EQ-B02,PRD-004,186.0,16.7,1
P-00409,2024-02-27,EQ-B03,PRD-006,274.0,17.9,4
P-00410,2024-02-27,EQ-C01,PRD-002,215.0,16.0,2
P-00411,2024-02-27,EQ-C02,PRD-002,194.0,13.7,3
P-00412,2024-02-27,EQ-C03,PRD-003,504.0,16.9,12
P-00413,2024-02-28,EQ-A01,PRD-001,236.0,13.2,13
P-00414,2024-02-28,EQ-A02,PRD-002,169.0,12.8,7
P-00415,2024-02-28,EQ-A03,PRD-006,227.0,13.5,6
P-00416,2024-02-28,EQ-B01,PRD-001,318.0,17.3,2
P-00417,2024-02-28,EQ-B02,PRD-004,171.0,15.6,1
P-00418,2024-02-28,EQ-B03,PRD-003,430.0,15.1,4
P-00419,2024-02-28,EQ-C01,PRD-002,221.0,16.0,6
P-00420,2024-02-28,EQ-C02,PRD-004,155.0,13.7,5
P-00421,2024-02-28,EQ-C03,PRD-003,366.0,13.6,10
P-00422,2024-02-29,EQ-A01,PRD-002,180.0,12.5,4
P-00423,2024-02-29,EQ-A02,PRD-002,190.0,12.9,9
P-00424,2024-02-29,EQ-A03,PRD-006,196.0,12.4,11
P-00425,2024-02-29,EQ-B01,PRD-001,327.0,17.4,2
P-00426,2024-02-29,EQ-B02,PRD-004,169.0,15.8,0
P-00427,2024-02-29,EQ-B03,PRD-005,363.0,17.6,5
P-00428,2024-02-29,EQ-C01,PRD-002,214.0,16.1,5
P-00429,2024-02-29,EQ-C02,PRD-002,212.0,16.6,3
P-00430,2024-02-29,EQ-C03,PRD-003,461.0,16.6,7
P-00431,2024-03-01,EQ-A01,PRD-004,152.0,12.9,3
P-00432,2024-03-01,EQ-A02,PRD-001,269.0,14.7,10
P-00433,2024-03-01,EQ-A03,PRD-006,254.0,15.1,13
P-00434,2024-03-01,EQ-B01,PRD-001,249.0,14.4,1
P-00435,2024-03-01,EQ-B02,PRD-001,257.0,15.0,2
P-00436,2024-03-01,EQ-B03,PRD-006,256.0,15.4,2
P-00437,2024-03-01,EQ-C01,PRD-001,270.0,13.7,5
P-00438,2024-03-01,EQ-C02,PRD-001,263.0,15.1,6
P-00439,2024-03-01,EQ-C03,PRD-005,316.0,13.6,4
P-00440,2024-03-02,EQ-B03,PRD-005,168.0,7.1,2
P-00441,2024-03-02,EQ-C02,PRD-004,74.0,7.3,1
P-00442,2024-03-02,EQ-C03,PRD-003,171.0,6.7,3
P-00443,2024-03-04,EQ-A01,PRD-004,142.0,13.2,5
P-00444,2024-03-04,EQ-A02,PRD-004,179.0,15.2,5
P-00445,2024-03-04,EQ-A03,PRD-006,199.0,12.3,6
P-00446,2024-03-04,EQ-B01,PRD-001,338.0,16.9,2
P-00447,2024-03-04,EQ-B02,PRD-002,204.0,15.3,3
P-00448,2024-03-04,EQ-B03,PRD-006,284.0,16.0,4
P-00449,2024-03-04,EQ-C01,PRD-002,218.0,16.6,6
P-00450,2024-03-04,EQ-C02,PRD-002,198.0,15.0,5
P-00451,2024-03-04,EQ-C03,PRD-006,250.0,14.0,7
P-00452,2024-03-05,EQ-A01,PRD-004,158.0,14.4,8
P-00453,2024-03-05,EQ-A02,PRD-001,221.0,12.1,7
P-00454,2024-03-05,EQ-A03,PRD-005,283.0,13.0,16
P-00455,2024-03-05,EQ-B01,PRD-002,204.0,15.8,1
P-00456,2024-03-05,EQ-B02,PRD-002,222.0,17.3,2
P-00457,2024-03-05,EQ-B03,PRD-003,433.0,16.5,4
P-00458,2024-03-05,EQ-C01,PRD-001,275.0,14.1,6
P-00459,2024-03-05,EQ-C02,PRD-002,214.0,16.5,2
P-00460,2024-03-05,EQ-C03,PRD-003,425.0,16.3,6
P-00461,2024-03-06,EQ-A01,PRD-001,245.0,13.6,8
P-00462,2024-03-06,EQ-A02,PRD-004,176.0,16.0,5
P-00463,2024-03-06,EQ-A03,PRD-006,266.0,15.0,7
P-00464,2024-03-06,EQ-B01,PRD-004,187.0,17.7,3
P-00465,2024-03-06,EQ-B02,PRD-002,222.0,17.3,1
P-00466,2024-03-06,EQ-B03,PRD-003,393.0,14.9,3
P-00467,2024-03-06,EQ-C01,PRD-004,176.0,15.6,5
P-00468,2024-03-06,EQ-C02,PRD-001,309.0,16.6,4
P-00469,2024-03-06,EQ-C03,PRD-006,240.0,15.5,3
P-00470,2024-03-07,EQ-A01,PRD-001,237.0,13.1,5
P-00471,2024-03-07,EQ-A02,PRD-002,216.0,14.5,5
P-00472,2024-03-07,EQ-A03,PRD-003,465.0,15.6,10
P-00473,2024-03-07,EQ-B01,PRD-004,188.0,17.2,2
P-00474,2024-03-07,EQ-B02,PRD-002,239.0,17.8,3
P-00475,2024-03-07,EQ-B03,PRD-006,247.0,16.1,3
P-00476,2024-03-07,EQ-C01,PRD-004,180.0,15.2,3
P-00477,2024-03-07,EQ-C02,PRD-004,184.0,16.6,2
P-00478,2024-03-07,EQ-C03,PRD-005,350.0,15.9,4
P-00479,2024-03-08,EQ-A01,PRD-002,192.0,14.8,7
P-00480,2024-03-08,EQ-A02,PRD-001,272.0,14.1,14
P-00481,2024-03-08,EQ-A03,PRD-003,387.0,14.9,22
P-00482,2024-03-08,EQ-B01,PRD-002,263.0,17.6,4
P-00483,2024-03-08,EQ-B02,PRD-004,182.0,17.8,3
P-00484,2024-03-08,EQ-B03,PRD-003,461.0,16.5,5
P-00485,2024-03-08,EQ-C01,PRD-004,159.0,14.2,1
P-00486,2024-03-08,EQ-C02,PRD-004,162.0,14.8,3
P-00487,2024-03-08,EQ-C03,PRD-003,432.0,15.4,13
P-00488,2024-03-09,EQ-A01,PRD-004,84.0,7.8,2
P-00489,2024-03-09,EQ-A02,PRD-001,122.0,7.2,4
P-00490,2024-03-09,EQ-A03,PRD-005,145.0,6.9,7
P-00491,2024-03-09,EQ-B01,PRD-004,91.0,7.8,0
P-00492,2024-03-09,EQ-C03,PRD-003,175.0,6.6,2
P-00493,2024-03-11,EQ-A01,PRD-004,145.0,12.2,5
P-00494,2024-03-11,EQ-A02,PRD-004,170.0,15.4,7
P-00495,2024-03-11,EQ-A03,PRD-006,236.0,14.6,9
P-00496,2024-03-11,EQ-B01,PRD-002,260.0,17.4,3
P-00497,2024-03-11,EQ-B02,PRD-004,197.0,17.8,2
P-00498,2024-03-11,EQ-B03,PRD-006,275.0,17.2,2
P-00499,2024-03-11,EQ-C01,PRD-004,169.0,14.3,2
P-00500,2024-03-11,EQ-C02,PRD-002,187.0,13.6,4
P-00501,2024-03-11,EQ-C03,PRD-006,235.0,14.0,6
P-00502,2024-03-12,EQ-A01,PRD-002,183.0,13.3,4
P-00503,2024-03-12,EQ-A02,PRD-001,309.0,15.7,14
P-00504,2024-03-12,EQ-A03,PRD-006,228.0,13.4,9
P-00505,2024-03-12,EQ-B01,PRD-004,181.0,17.3,1
P-00506,2024-03-12,EQ-B02,PRD-001,331.0,17.1,2
P-00507,2024-03-12,EQ-B03,PRD-003,464.0,16.0,8
P-00508,2024-03-12,EQ-C01,PRD-002,203.0,13.6,7
P-00509,2024-03-12,EQ-C02,PRD-004,177.0,16.0,4
P-00510,2024-03-12,EQ-C03,PRD-003,415.0,16.3,8
P-00511,2024-03-13,EQ-A01,PRD-004,149.0,14.5,7
P-00512,2024-03-13,EQ-A02,PRD-001,263.0,14.2,11
P-00513,2024-03-13,EQ-A03,PRD-006,221.0,13.6,10
P-00514,2024-03-13,EQ-B01,PRD-004,170.0,15.4,2
P-00515,2024-03-13,EQ-B02,PRD-002,236.0,16.5,3
P-00516,2024-03-13,EQ-B03,PRD-006,266.0,15.1,3
P-00517,2024-03-13,EQ-C01,PRD-001,261.0,15.1,5
P-00518,2024-03-13,EQ-C02,PRD-001,291.0,16.3,3
P-00519,2024-03-13,EQ-C03,PRD-006,223.0,13.3,3
P-00520,2024-03-14,EQ-A01,PRD-001,253.0,13.1,8
P-00521,2024-03-14,EQ-A02,PRD-002,180.0,13.8,6
P-00522,2024-03-14,EQ-A03,PRD-003,445.0,15.9,19
P-00523,2024-03-14,EQ-B01,PRD-004,159.0,15.2,2
P-00524,2024-03-14,EQ-B02,PRD-004,178.0,16.3,3
P-00525,2024-03-14,EQ-B03,PRD-005,327.0,14.5,2
P-00526,2024-03-14,EQ-C01,PRD-001,312.0,16.7,8
P-00527,2024-03-14,EQ-C02,PRD-002,182.0,13.7,5
P-00528,2024-03-14,EQ-C03,PRD-005,278.0,13.2,9
P-00529,2024-03-15,EQ-A01,PRD-001,259.0,,7
P-00530,2024-03-15,EQ-A02,PRD-002,205.0,14.0,9
P-00531,2024-03-15,EQ-A03,PRD-003,398.0,14.7,7
P-00532,2024-03-15,EQ-B01,PRD-001,281.0,16.3,3
P-00533,2024-03-15,EQ-B02,PRD-001,303.0,16.2,5
P-00534,2024-03-15,EQ-B03,PRD-006,267.0,16.9,2
P-00535,2024-03-15,EQ-C01,PRD-004,160.0,15.2,5
P-00536,2024-03-15,EQ-C02,PRD-004,149.0,13.9,3
P-00537,2024-03-15,EQ-C03,PRD-003,399.0,13.5,11
P-00538,2024-03-16,EQ-A02,PRD-002,91.0,6.7,5
P-00539,2024-03-16,EQ-B01,PRD-001,157.0,8.7,2
P-00540,2024-03-16,EQ-B02,PRD-004,75.0,7.1,1
P-00541,2024-03-16,EQ-B03,PRD-003,253.0,8.8,4
P-00542,2024-03-16,EQ-C01,PRD-004,81.0,6.9,2
P-00543,2024-03-18,EQ-A01,PRD-002,223.0,15.6,9
P-00544,2024-03-18,EQ-A02,PRD-001,290.0,14.7,12
P-00545,2024-03-18,EQ-A03,PRD-003,338.0,12.4,17
P-00546,2024-03-18,EQ-B01,PRD-001,304.0,17.5,5
P-00547,2024-03-18,EQ-B02,PRD-002,216.0,14.8,3
P-00548,2024-03-18,EQ-B03,PRD-005,302.0,14.2,4
P-00549,2024-03-18,EQ-C01,PRD-004,183.0,16.4,3
P-00550,2024-03-18,EQ-C02,PRD-002,195.0,,5
P-00551,2024-03-18,EQ-C03,PRD-005,372.0,15.6,9
P-00552,2024-03-19,EQ-A01,PRD-004,157.0,14.5,4
P-00553,2024-03-19,EQ-A02,PRD-001,242.0,14.3,9
P-00554,2024-03-19,EQ-A03,PRD-005,271.0,12.3,9
P-00555,2024-03-19,EQ-B01,PRD-002,226.0,17.4,2
P-00556,2024-03-19,EQ-B02,PRD-001,277.0,16.3,4
P-00557,2024-03-19,EQ-B03,PRD-005,383.0,17.9,6
P-00558,2024-03-19,EQ-C01,PRD-002,184.0,13.5,1
P-00559,2024-03-19,EQ-C02,PRD-001,243.0,13.5,7
P-00560,2024-03-19,EQ-C03,PRD-006,207.0,13.5,2
P-00561,2024-03-20,EQ-A01,PRD-004,168.0,15.5,3
P-00562,2024-03-20,EQ-A02,PRD-004,141.0,13.4,4
P-00563,2024-03-20,EQ-A03,PRD-006,260.0,15.2,12
P-00564,2024-03-20,EQ-B01,PRD-001,296.0,16.3,5
P-00565,2024-03-20,EQ-B02,PRD-002,211.0,15.6,3
P-00566,2024-03-20,EQ-B03,PRD-005,324.0,14.6,3
P-00567,2024-03-20,EQ-C01,PRD-001,288.0,15.6,7
P-00568,2024-03-20,EQ-C02,PRD-002,213.0,15.9,6
P-00569,2024-03-20,EQ-C03,PRD-005,328.0,13.7,7
P-00570,2024-03-21,EQ-A01,PRD-002,188.0,13.6,4
P-00571,2024-03-21,EQ-A02,PRD-004,180.0,15.4,5
P-00572,2024-03-21,EQ-A03,PRD-006,276.0,16.0,6
P-00573,2024-03-21,EQ-B01,PRD-001,273.0,14.8,3
P-00574,2024-03-21,EQ-B02,PRD-001,307.0,15.5,2
P-00575,2024-03-21,EQ-B03,PRD-005,301.0,14.5,3
P-00576,2024-03-21,EQ-C01,PRD-001,274.0,14.2,8
P-00577,2024-03-21,EQ-C02,PRD-004,166.0,14.5,4
P-00578,2024-03-21,EQ-C03,PRD-003,414.0,15.8,6
P-00579,2024-03-22,EQ-A01,PRD-004,159.0,15.0,5
P-00580,2024-03-22,EQ-A02,PRD-001,246.0,14.3,9
P-00581,2024-03-22,EQ-A03,PRD-005,,13.2,8
P-00582,2024-03-22,EQ-B01,PRD-001,296.0,,2
P-00583,2024-03-22,EQ-B02,PRD-002,233.0,16.0,3
P-00584,2024-03-22,EQ-B03,PRD-005,362.0,16.3,5
P-00585,2024-03-22,EQ-C01,PRD-001,257.0,15.0,6
P-00586,2024-03-22,EQ-C02,PRD-004,165.0,14.9,3
P-00587,2024-03-22,EQ-C03,PRD-003,491.0,16.8,14
P-00588,2024-03-23,EQ-A01,PRD-002,114.0,8.0,2
P-00589,2024-03-23,EQ-B01,PRD-002,104.0,7.8,1
P-00590,2024-03-23,EQ-B02,PRD-001,171.0,8.8,3
P-00591,2024-03-23,EQ-C02,PRD-001,138.0,8.0,1
P-00592,2024-03-25,EQ-A01,PRD-002,165.0,12.5,9
P-00593,2024-03-25,EQ-A02,PRD-001,238.0,13.5,10
P-00594,2024-03-25,EQ-A03,PRD-005,322.0,14.9,18
P-00595,2024-03-25,EQ-B01,PRD-002,186.0,14.1,2
P-00596,2024-03-25,EQ-B02,PRD-004,188.0,16.8,2
P-00597,2024-03-25,EQ-B03,PRD-005,394.0,16.7,4
P-00598,2024-03-25,EQ-C01,PRD-002,223.0,15.0,5
P-00599,2024-03-25,EQ-C02,PRD-002,228.0,16.6,3
P-00600,2024-03-25,EQ-C03,PRD-003,474.0,16.6,7
P-00601,2024-03-26,EQ-A01,PRD-004,139.0,13.7,6
P-00602,2024-03-26,EQ-A02,PRD-002,201.0,15.2,7
P-00603,2024-03-26,EQ-A03,PRD-006,249.0,14.4,7
P-00604,2024-03-26,EQ-B01,PRD-004,193.0,16.9,2
P-00605,2024-03-26,EQ-B02,PRD-001,262.0,15.4,1
P-00606,2024-03-26,EQ-B03,PRD-005,350.0,16.8,6
P-00607,2024-03-26,EQ-C01,PRD-002,214.0,16.2,4
P-00608,2024-03-26,EQ-C02,PRD-002,217.0,14.8,4
P-00609,2024-03-26,EQ-C03,PRD-003,466.0,16.4,8
P-00610,2024-03-27,EQ-A01,PRD-001,210.0,12.1,8
P-00611,2024-03-27,EQ-A02,PRD-002,210.0,14.8,6
P-00612,2024-03-27,EQ-A03,PRD-006,221.0,14.2,6
P-00613,2024-03-27,EQ-B01,PRD-002,209.0,,3
P-00614,2024-03-27,EQ-B02,PRD-004,181.0,17.7,1
P-00615,2024-03-27,EQ-B03,PRD-006,297.0,16.9,2
P-00616,2024-03-27,EQ-C01,PRD-004,179.0,15.3,3
P-00617,2024-03-27,EQ-C02,PRD-001,312.0,15.7,10
P-00618,2024-03-27,EQ-C03,PRD-006,239.0,15.1,3
P-00619,2024-03-28,EQ-A01,PRD-002,224.0,15.7,8
P-00620,2024-03-28,EQ-A02,PRD-002,214.0,15.8,8
P-00621,2024-03-28,EQ-A03,PRD-006,214.0,13.9,4
P-00622,2024-03-28,EQ-B01,PRD-004,204.0,17.5,1
P-00623,2024-03-28,EQ-B02,PRD-002,245.0,17.1,2
P-00624,2024-03-28,EQ-B03,PRD-003,462.0,16.1,2
P-00625,2024-03-28,EQ-C01,PRD-002,202.0,14.4,3
P-00626,2024-03-28,EQ-C02,PRD-002,184.0,13.5,5
P-00627,2024-03-28,EQ-C03,PRD-003,405.0,14.5,11
P-00628,2024-03-29,EQ-A01,PRD-002,190.0,14.6,6
P-00629,2024-03-29,EQ-A02,PRD-004,147.0,13.9,3
P-00630,2024-03-29,EQ-A03,PRD-003,372.0,13.0,9
P-00631,2024-03-29,EQ-B01,PRD-004,178.0,16.1,3
P-00632,2024-03-29,EQ-B02,PRD-002,214.0,16.2,3
P-00633,2024-03-29,EQ-B03,PRD-003,458.0,15.6,8
P-00634,2024-03-29,EQ-C01,PRD-002,177.0,13.7,2
P-00635,2024-03-29,EQ-C02,PRD-004,165.0,14.4,3
P-00636,2024-03-29,EQ-C03,PRD-003,436.0,16.1,8
P-00637,2024-03-30,EQ-A01,PRD-004,78.0,7.0,1
P-00638,2024-03-30,EQ-A02,PRD-001,113.0,6.2,5
P-00639,2024-03-30,EQ-A03,PRD-005,152.0,6.6,4
P-00640,2024-03-30,EQ-C03,PRD-006,122.0,7.1,1
P-00641,2024-04-01,EQ-A01,PRD-002,185.0,12.5,5
P-00642,2024-04-01,EQ-A02,PRD-004,162.0,14.1,6
P-00643,2024-04-01,EQ-A03,PRD-005,272.0,12.6,13
P-00644,2024-04-01,EQ-B01,PRD-004,173.0,16.5,2
P-00645,2024-04-01,EQ-B02,PRD-002,245.0,17.4,2
P-00646,2024-04-01,EQ-B03,PRD-006,263.0,17.0,1
P-00647,2024-04-01,EQ-C01,PRD-004,184.0,16.8,2
P-00648,2024-04-01,EQ-C02,PRD-002,236.0,16.2,4
P-00649,2024-04-01,EQ-C03,PRD-005,315.0,13.6,4
P-00650,2024-04-02,EQ-A01,PRD-004,184.0,15.8,5
P-00651,2024-04-02,EQ-A02,PRD-001,259.0,13.9,11
P-00652,2024-04-02,EQ-A03,PRD-003,377.0,13.5,17
P-00653,2024-04-02,EQ-B01,PRD-004,163.0,15.7,2
P-00654,2024-04-02,EQ-B02,PRD-002,215.0,15.7,3
P-00655,2024-04-02,EQ-B03,PRD-003,395.0,14.7,4
P-00656,2024-04-02,EQ-C01,PRD-004,164.0,13.8,4
P-00657,2024-04-02,EQ-C02,PRD-001,261.0,14.4,8
P-00658,2024-04-02,EQ-C03,PRD-003,469.0,16.1,6
P-00659,2024-04-03,EQ-A01,PRD-002,183.0,13.9,6
P-00660,2024-04-03,EQ-A02,PRD-004,168.0,15.6,5
P-00661,2024-04-03,EQ-A03,PRD-006,199.0,13.0,8
P-00662,2024-04-03,EQ-B01,PRD-004,187.0,17.1,1
P-00663,2024-04-03,EQ-B02,PRD-001,287.0,14.4,2
P-00664,2024-04-03,EQ-B03,PRD-003,466.0,16.1,7
P-00665,2024-04-03,EQ-C01,PRD-001,262.0,13.2,6
P-00666,2024-04-03,EQ-C02,PRD-001,262.0,14.5,3
P-00667,2024-04-03,EQ-C03,PRD-006,271.0,15.2,9
P-00668,2024-04-04,EQ-A01,PRD-002,194.0,14.3,4
P-00669,2024-04-04,EQ-A02,PRD-002,210.0,15.1,4
P-00670,2024-04-04,EQ-A03,PRD-005,356.0,15.8,13
P-00671,2024-04-04,EQ-B01,PRD-002,229.0,15.6,1
P-00672,2024-04-04,EQ-B02,PRD-001,309.0,17.6,2
P-00673,2024-04-04,EQ-B03,PRD-005,367.0,15.6,6
P-00674,2024-04-04,EQ-C01,PRD-002,246.0,16.5,7
P-00675,2024-04-04,EQ-C02,PRD-004,138.0,13.2,1
P-00676,2024-04-04,EQ-C03,PRD-006,239.0,15.2,3
P-00677,2024-04-05,EQ-A01,PRD-001,276.0,14.2,11
P-00678,2024-04-05,EQ-A02,PRD-002,189.0,14.9,7
P-00679,2024-04-05,EQ-A03,PRD-003,398.0,13.9,11
P-00680,2024-04-05,EQ-B01,PRD-001,304.0,16.5,3
P-00681,2024-04-05,EQ-B02,PRD-002,251.0,17.0,3
P-00682,2024-04-05,EQ-B03,PRD-005,375.0,16.0,5
P-00683,2024-04-05,EQ-C01,PRD-001,268.0,13.7,3
P-00684,2024-04-05,EQ-C02,PRD-002,210.0,15.1,6
P-00685,2024-04-05,EQ-C03,PRD-006,299.0,16.8,7
P-00686,2024-04-06,EQ-A01,PRD-002,89.0,6.9,4
P-00687,2024-04-06,EQ-A02,PRD-001,155.0,8.0,3
P-00688,2024-04-06,EQ-A03,PRD-005,163.0,7.7,7
P-00689,2024-04-06,EQ-C01,PRD-004,100.0,8.4,2
P-00690,2024-04-06,EQ-C03,PRD-006,116.0,6.6,3
P-00691,2024-04-08,EQ-A01,PRD-001,228.0,13.1,8
P-00692,2024-04-08,EQ-A02,PRD-002,164.0,12.1,6
P-00693,2024-04-08,EQ-A03,PRD-006,264.0,15.0,10
P-00694,2024-04-08,EQ-B01,PRD-002,225.0,15.6,3
P-00695,2024-04-08,EQ-B02,PRD-002,216.0,15.6,2
P-00696,2024-04-08,EQ-B03,PRD-005,,14.6,2
P-00697,2024-04-08,EQ-C01,PRD-004,191.0,16.9,5
P-00698,2024-04-08,EQ-C02,PRD-004,164.0,14.3,4
P-00699,2024-04-08,EQ-C03,PRD-003,377.0,13.1,11
P-00700,2024-04-09,EQ-A01,PRD-004,158.0,15.2,3
P-00701,2024-04-09,EQ-A02,PRD-004,154.0,14.6,4
P-00702,2024-04-09,EQ-A03,PRD-003,331.0,12.3,14
P-00703,2024-04-09,EQ-B01,PRD-002,213.0,15.9,2
P-00704,2024-04-09,EQ-B02,PRD-002,223.0,15.7,1
P-00705,2024-04-09,EQ-B03,PRD-005,378.0,17.4,3
P-00706,2024-04-09,EQ-C01,PRD-001,308.0,15.5,6
P-00707,2024-04-09,EQ-C02,PRD-002,225.0,16.0,6
P-00708,2024-04-09,EQ-C03,PRD-005,334.0,14.3,11
P-00709,2024-04-10,EQ-A01,PRD-004,186.0,15.9,9
P-00710,2024-04-10,EQ-A02,PRD-004,138.0,12.3,7
P-00711,2024-04-10,EQ-A03,PRD-006,214.0,12.5,10
P-00712,2024-04-10,EQ-B01,PRD-001,335.0,17.3,2
P-00713,2024-04-10,EQ-B02,PRD-002,207.0,16.3,1
P-00714,2024-04-10,EQ-B03,PRD-006,257.0,14.7,4
P-00715,2024-04-10,EQ-C01,PRD-001,280.0,14.6,5
P-00716,2024-04-10,EQ-C02,PRD-001,279.0,16.3,5
P-00717,2024-04-10,EQ-C03,PRD-006,255.0,15.5,4
P-00718,2024-04-11,EQ-A01,PRD-002,235.0,15.7,7
P-00719,2024-04-11,EQ-A02,PRD-001,287.0,14.4,14
P-00720,2024-04-11,EQ-A03,PRD-006,203.0,12.8,8
P-00721,2024-04-11,EQ-B01,PRD-002,230.0,16.0,2
P-00722,2024-04-11,EQ-B02,PRD-002,226.0,15.7,2
P-00723,2024-04-11,EQ-B03,PRD-003,407.0,14.3,3
P-00724,2024-04-11,EQ-C01,PRD-001,257.0,13.4,2
P-00725,2024-04-11,EQ-C02,PRD-001,290.0,15.3,4
P-00726,2024-04-11,EQ-C03,PRD-006,230.0,14.1,5
P-00727,2024-04-12,EQ-A01,PRD-004,151.0,14.3,6
P-00728,2024-04-12,EQ-A02,PRD-001,268.0,13.5,12
P-00729,2024-04-12,EQ-A03,PRD-003,,14.7,8
P-00730,2024-04-12,EQ-B01,PRD-002,236.0,17.8,1
P-00731,2024-04-12,EQ-B02,PRD-002,227.0,17.0,3
P-00732,2024-04-12,EQ-B03,PRD-003,441.0,14.9,7
P-00733,2024-04-12,EQ-C01,PRD-001,313.0,16.3,9
P-00734,2024-04-12,EQ-C02,PRD-004,137.0,13.4,1
P-00735,2024-04-12,EQ-C03,PRD-005,328.0,14.8,6
P-00736,2024-04-13,EQ-A01,PRD-004,71.0,6.6,2
P-00737,2024-04-13,EQ-C01,PRD-004,74.0,7.0,2
P-00738,2024-04-13,EQ-C02,PRD-001,132.0,7.0,4
P-00739,2024-04-15,EQ-A01,PRD-004,181.0,15.9,10
P-00740,2024-04-15,EQ-A02,PRD-002,218.0,15.7,12
P-00741,2024-04-15,EQ-A03,PRD-005,349.0,15.3,8
P-00742,2024-04-15,EQ-B01,PRD-002,192.0,14.2,2
P-00743,2024-04-15,EQ-B02,PRD-002,218.0,14.9,3
P-00744,2024-04-15,EQ-B03,PRD-006,278.0,16.2,3
P-00745,2024-04-15,EQ-C01,PRD-002,238.0,15.9,3
P-00746,2024-04-15,EQ-C02,PRD-004,197.0,16.6,3
P-00747,2024-04-15,EQ-C03,PRD-003,413.0,14.0,13
P-00748,2024-04-16,EQ-A01,PRD-004,136.0,12.2,4
P-00749,2024-04-16,EQ-A02,PRD-002,189.0,,4
P-00750,2024-04-16,EQ-A03,PRD-005,260.0,12.1,7
P-00751,2024-04-16,EQ-B01,PRD-004,192.0,16.1,2
P-00752,2024-04-16,EQ-B02,PRD-004,166.0,15.6,2
P-00753,2024-04-16,EQ-B03,PRD-006,249.0,15.7,1
P-00754,2024-04-16,EQ-C01,PRD-002,191.0,14.6,2
P-00755,2024-04-16,EQ-C02,PRD-004,167.0,14.8,4
P-00756,2024-04-16,EQ-C03,PRD-005,392.0,17.0,9
P-00757,2024-04-17,EQ-A01,PRD-001,267.0,,5
P-00758,2024-04-17,EQ-A02,PRD-002,185.0,13.1,5
P-00759,2024-04-17,EQ-A03,PRD-003,401.0,,18
P-00760,2024-04-17,EQ-B01,PRD-002,204.0,14.1,2
P-00761,2024-04-17,EQ-B02,PRD-002,240.0,16.2,1
P-00762,2024-04-17,EQ-B03,PRD-003,462.0,16.4,4
P-00763,2024-04-17,EQ-C01,PRD-002,217.0,16.8,3
P-00764,2024-04-17,EQ-C02,PRD-004,168.0,14.6,3
P-00765,2024-04-17,EQ-C03,PRD-006,262.0,16.8,3
P-00766,2024-04-18,EQ-A01,PRD-002,162.0,12.5,8
P-00767,2024-04-18,EQ-A02,PRD-002,207.0,14.4,11
P-00768,2024-04-18,EQ-A03,PRD-006,258.0,15.1,13
P-00769,2024-04-18,EQ-B01,PRD-001,262.0,15.4,3
P-00770,2024-04-18,EQ-B02,PRD-002,236.0,17.9,1
P-00771,2024-04-18,EQ-B03,PRD-003,428.0,14.6,2
P-00772,2024-04-18,EQ-C01,PRD-002,176.0,13.2,2
P-00773,2024-04-18,EQ-C02,PRD-002,225.0,16.2,6
P-00774,2024-04-18,EQ-C03,PRD-003,,13.1,7
P-00775,2024-04-19,EQ-A01,PRD-001,280.0,14.1,10
P-00776,2024-04-19,EQ-A02,PRD-002,175.0,13.2,5
P-00777,2024-04-19,EQ-A03,PRD-006,206.0,13.5,11
P-00778,2024-04-19,EQ-B01,PRD-001,275.0,16.1,4
P-00779,2024-04-19,EQ-B02,PRD-001,281.0,16.0,4
P-00780,2024-04-19,EQ-B03,PRD-006,311.0,,4
P-00781,2024-04-19,EQ-C01,PRD-002,189.0,13.2,6
P-00782,2024-04-19,EQ-C02,PRD-004,153.0,15.0,2
P-00783,2024-04-19,EQ-C03,PRD-003,424.0,15.6,4
P-00784,2024-04-20,EQ-A01,PRD-004,80.0,7.7,2
P-00785,2024-04-20,EQ-A02,PRD-001,114.0,6.4,2
P-00786,2024-04-20,EQ-B01,PRD-004,89.0,7.6,1
P-00787,2024-04-22,EQ-A01,PRD-001,270.0,14.5,8
P-00788,2024-04-22,EQ-A02,PRD-004,150.0,13.5,4
P-00789,2024-04-22,EQ-A03,PRD-003,377.0,13.4,10
P-00790,2024-04-22,EQ-B01,PRD-001,346.0,17.6,4
P-00791,2024-04-22,EQ-B02,PRD-001,310.0,17.5,1
P-00792,2024-04-22,EQ-B03,PRD-006,242.0,15.2,3
P-00793,2024-04-22,EQ-C01,PRD-002,223.0,,7
P-00794,2024-04-22,EQ-C02,PRD-001,239.0,13.2,6
P-00795,2024-04-22,EQ-C03,PRD-003,400.0,13.8,10
P-00796,2024-04-23,EQ-A01,PRD-001,263.0,13.7,10
P-00797,2024-04-23,EQ-A02,PRD-004,142.0,13.8,5
P-00798,2024-04-23,EQ-A03,PRD-003,375.0,14.3,14
P-00799,2024-04-23,EQ-B01,PRD-001,287.0,15.3,3
P-00800,2024-04-23,EQ-B02,PRD-004,154.0,15.1,1
P-00801,2024-04-23,EQ-B03,PRD-003,481.0,16.1,8
P-00802,2024-04-23,EQ-C01,PRD-002,243.0,16.5,4
P-00803,2024-04-23,EQ-C02,PRD-002,216.0,16.5,4
P-00804,2024-04-23,EQ-C03,PRD-003,444.0,16.6,11
P-00805,2024-04-24,EQ-A01,PRD-002,164.0,12.4,8
P-00806,2024-04-24,EQ-A02,PRD-001,244.0,12.4,5
P-00807,2024-04-24,EQ-A03,PRD-003,434.0,15.2,24
P-00808,2024-04-24,EQ-B01,PRD-002,241.0,16.4,2
P-00809,2024-04-24,EQ-B02,PRD-001,325.0,16.9,6
P-00810,2024-04-24,EQ-B03,PRD-006,254.0,16.5,2
P-00811,2024-04-24,EQ-C01,PRD-002,208.0,16.0,5
P-00812,2024-04-24,EQ-C02,PRD-002,234.0,16.6,6
P-00813,2024-04-24,EQ-C03,PRD-005,311.0,14.7,10
P-00814,2024-04-25,EQ-A01,PRD-001,250.0,14.7,7
P-00815,2024-04-25,EQ-A02,PRD-001,219.0,12.7,5
P-00816,2024-04-25,EQ-A03,PRD-005,311.0,13.6,17
P-00817,2024-04-25,EQ-B01,PRD-002,236.0,17.1,4
P-00818,2024-04-25,EQ-B02,PRD-001,313.0,15.9,3
P-00819,2024-04-25,EQ-B03,PRD-003,419.0,15.1,4
P-00820,2024-04-25,EQ-C01,PRD-001,231.0,13.6,3
P-00821,2024-04-25,EQ-C02,PRD-002,219.0,15.1,5
P-00822,2024-04-25,EQ-C03,PRD-006,271.0,16.5,3
P-00823,2024-04-26,EQ-A01,PRD-001,264.0,13.9,8
P-00824,2024-04-26,EQ-A02,PRD-002,198.0,13.8,10
P-00825,2024-04-26,EQ-A03,PRD-003,352.0,12.3,19
P-00826,2024-04-26,EQ-B01,PRD-004,189.0,15.9,3
P-00827,2024-04-26,EQ-B02,PRD-004,194.0,16.4,3
P-00828,2024-04-26,EQ-B03,PRD-005,397.0,17.7,4
P-00829,2024-04-26,EQ-C01,PRD-002,,16.5,7
P-00830,2024-04-26,EQ-C02,PRD-004,170.0,16.1,4
P-00831,2024-04-26,EQ-C03,PRD-005,333.0,14.2,10
P-00832,2024-04-27,EQ-B01,PRD-004,82.0,7.3,1
P-00833,2024-04-27,EQ-B02,PRD-002,109.0,7.6,1
P-00834,2024-04-27,EQ-B03,PRD-005,176.0,7.5,1
P-00835,2024-04-27,EQ-C01,PRD-001,159.0,8.3,2
P-00836,2024-04-27,EQ-C03,PRD-005,152.0,7.1,3
P-00837,2024-04-29,EQ-A01,PRD-001,271.0,14.7,12
P-00838,2024-04-29,EQ-A02,PRD-004,145.0,12.8,6
P-00839,2024-04-29,EQ-A03,PRD-005,307.0,13.1,11
P-00840,2024-04-29,EQ-B01,PRD-002,243.0,16.4,3
P-00841,2024-04-29,EQ-B02,PRD-002,220.0,16.0,3
P-00842,2024-04-29,EQ-B03,PRD-003,468.0,15.8,3
P-00843,2024-04-29,EQ-C01,PRD-004,168.0,15.1,1
P-00844,2024-04-29,EQ-C02,PRD-001,333.0,17.0,3
P-00845,2024-04-29,EQ-C03,PRD-003,441.0,16.5,5
P-00846,2024-04-30,EQ-A01,PRD-001,231.0,12.1,8
P-00847,2024-04-30,EQ-A02,PRD-004,168.0,14.5,7
P-00848,2024-04-30,EQ-A03,PRD-006,230.0,13.4,9
P-00849,2024-04-30,EQ-B01,PRD-002,208.0,14.8,1
P-00850,2024-04-30,EQ-B02,PRD-002,201.0,15.0,1
P-00851,2024-04-30,EQ-B03,PRD-006,290.0,17.4,5
P-00852,2024-04-30,EQ-C01,PRD-004,164.0,15.9,2
P-00853,2024-04-30,EQ-C02,PRD-002,237.0,16.5,3
P-00854,2024-04-30,EQ-C03,PRD-003,474.0,17.0,12
P-00855,2024-05-01,EQ-A01,PRD-004,170.0,15.8,5
P-00856,2024-05-01,EQ-A02,PRD-004,168.0,16.0,7
P-00857,2024-05-01,EQ-A03,PRD-005,283.0,12.4,6
P-00858,2024-05-01,EQ-B01,PRD-001,269.0,15.4,2
P-00859,2024-05-01,EQ-B02,PRD-004,175.0,15.5,2
P-00860,2024-05-01,EQ-B03,PRD-006,248.0,15.7,3
P-00861,2024-05-01,EQ-C01,PRD-002,226.0,16.4,7
P-00862,2024-05-01,EQ-C02,PRD-001,296.0,15.2,4
P-00863,2024-05-01,EQ-C03,PRD-006,251.0,16.4,4
P-00864,2024-05-02,EQ-A01,PRD-002,199.0,14.7,6
P-00865,2024-05-02,EQ-A02,PRD-004,176.0,15.2,9
P-00866,2024-05-02,EQ-A03,PRD-003,407.0,13.9,9
P-00867,2024-05-02,EQ-B01,PRD-002,246.0,16.9,4
P-00868,2024-05-02,EQ-B02,PRD-004,177.0,15.6,2
P-00869,2024-05-02,EQ-B03,PRD-006,278.0,15.8,5
P-00870,2024-05-02,EQ-C01,PRD-004,160.0,15.2,3
P-00871,2024-05-02,EQ-C02,PRD-001,286.0,16.5,6
P-00872,2024-05-02,EQ-C03,PRD-003,408.0,13.8,13
P-00873,2024-05-03,EQ-A01,PRD-001,211.0,12.3,8
P-00874,2024-05-03,EQ-A02,PRD-002,219.0,15.7,5
P-00875,2024-05-03,EQ-A03,PRD-003,352.0,13.3,11
P-00876,2024-05-03,EQ-B01,PRD-002,230.0,15.6,2
P-00877,2024-05-03,EQ-B02,PRD-004,177.0,16.4,2
P-00878,2024-05-03,EQ-B03,PRD-005,343.0,14.3,2
P-00879,2024-05-03,EQ-C01,PRD-002,183.0,13.5,4
P-00880,2024-05-03,EQ-C02,PRD-002,226.0,15.2,3
P-00881,2024-05-03,EQ-C03,PRD-003,396.0,14.7,7
P-00882,2024-05-04,EQ-A01,PRD-001,114.0,6.2,3
P-00883,2024-05-04,EQ-B02,PRD-004,89.0,7.5,0
P-00884,2024-05-04,EQ-B03,PRD-003,208.0,7.2,2
P-00885,2024-05-04,EQ-C01,PRD-001,139.0,8.1,4
P-00886,2024-05-06,EQ-A01,PRD-002,180.0,13.1,4
P-00887,2024-05-06,EQ-A02,PRD-002,183.0,13.8,5
P-00888,2024-05-06,EQ-A03,PRD-003,370.0,13.4,8
P-00889,2024-05-06,EQ-B01,PRD-004,171.0,15.4,2
P-00890,2024-05-06,EQ-B02,PRD-002,223.0,15.9,3
P-00891,2024-05-06,EQ-B03,PRD-005,334.0,14.9,5
P-00892,2024-05-06,EQ-C01,PRD-002,183.0,13.5,2
P-00893,2024-05-06,EQ-C02,PRD-004,151.0,13.2,2
P-00894,2024-05-06,EQ-C03,PRD-003,369.0,14.4,6
P-00895,2024-05-07,EQ-A01,PRD-001,235.0,13.2,8
P-00896,2024-05-07,EQ-A02,PRD-001,286.0,15.3,10
P-00897,2024-05-07,EQ-A03,PRD-003,415.0,13.9,12
P-00898,2024-05-07,EQ-B01,PRD-002,264.0,17.9,3
P-00899,2024-05-07,EQ-B02,PRD-004,165.0,14.4,2
P-00900,2024-05-07,EQ-B03,PRD-006,254.0,15.2,2
P-00901,2024-05-07,EQ-C01,PRD-001,257.0,13.9,6
P-00902,2024-05-07,EQ-C02,PRD-001,257.0,14.7,5
P-00903,2024-05-07,EQ-C03,PRD-003,420.0,15.9,7
P-00904,2024-05-08,EQ-A01,PRD-002,169.0,12.7,3
P-00905,2024-05-08,EQ-A02,PRD-002,194.0,14.8,11
P-00906,2024-05-08,EQ-A03,PRD-006,218.0,12.3,6
P-00907,2024-05-08,EQ-B01,PRD-004,178.0,14.9,1
P-00908,2024-05-08,EQ-B02,PRD-002,220.0,16.6,2
P-00909,2024-05-08,EQ-B03,PRD-006,248.0,14.4,3
P-00910,2024-05-08,EQ-C01,PRD-001,315.0,16.0,10
P-00911,2024-05-08,EQ-C02,PRD-001,312.0,16.3,4
P-00912,2024-05-08,EQ-C03,PRD-005,326.0,14.5,9
P-00913,2024-05-09,EQ-A01,PRD-004,182.0,15.5,7
P-00914,2024-05-09,EQ-A02,PRD-001,304.0,15.7,9
P-00915,2024-05-09,EQ-A03,PRD-005,283.0,13.9,16
P-00916,2024-05-09,EQ-B01,PRD-001,257.0,15.0,3
P-00917,2024-05-09,EQ-B02,PRD-002,250.0,16.7,4
P-00918,2024-05-09,EQ-B03,PRD-003,458.0,15.4,9
P-00919,2024-05-09,EQ-C01,PRD-004,154.0,14.5,1
P-00920,2024-05-09,EQ-C02,PRD-004,164.0,15.1,3
P-00921,2024-05-09,EQ-C03,PRD-003,502.0,16.8,9
P-00922,2024-05-10,EQ-A01,PRD-001,237.0,13.0,7
P-00923,2024-05-10,EQ-A02,PRD-001,257.0,13.0,9
P-00924,2024-05-10,EQ-A03,PRD-005,299.0,13.4,17
P-00925,2024-05-10,EQ-B01,PRD-004,160.0,14.2,2
P-00926,2024-05-10,EQ-B02,PRD-002,214.0,14.4,2
P-00927,2024-05-10,EQ-B03,PRD-005,,15.1,3
P-00928,2024-05-10,EQ-C01,PRD-004,169.0,15.5,2
P-00929,2024-05-10,EQ-C02,PRD-004,188.0,15.9,4
P-00930,2024-05-10,EQ-C03,PRD-003,371.0,13.7,4
P-00931,2024-05-11,EQ-A01,PRD-002,104.0,7.5,4
P-00932,2024-05-11,EQ-A03,PRD-003,201.0,6.9,7
P-00933,2024-05-11,EQ-B01,PRD-001,161.0,8.1,1
P-00934,2024-05-11,EQ-B03,PRD-003,180.0,7.1,2
P-00935,2024-05-13,EQ-A01,PRD-001,245.0,13.8,7
P-00936,2024-05-13,EQ-A02,PRD-002,206.0,14.6,10
P-00937,2024-05-13,EQ-A03,PRD-003,372.0,14.6,19
P-00938,2024-05-13,EQ-B01,PRD-002,250.0,17.5,3
P-00939,2024-05-13,EQ-B02,PRD-001,291.0,16.2,4
P-00940,2024-05-13,EQ-B03,PRD-005,333.0,15.1,3
P-00941,2024-05-13,EQ-C01,PRD-004,159.0,13.5,2
P-00942,2024-05-13,EQ-C02,PRD-001,292.0,16.0,6
P-00943,2024-05-13,EQ-C03,PRD-005,328.0,13.8,7
P-00944,2024-05-14,EQ-A01,PRD-001,223.0,13.0,9
P-00945,2024-05-14,EQ-A02,PRD-002,216.0,15.8,7
P-00946,2024-05-14,EQ-A03,PRD-003,354.0,13.8,11
P-00947,2024-05-14,EQ-B01,PRD-002,192.0,14.8,1
P-00948,2024-05-14,EQ-B02,PRD-004,162.0,15.7,3
P-00949,2024-05-14,EQ-B03,PRD-006,244.0,14.4,4
P-00950,2024-05-14,EQ-C01,PRD-004,164.0,13.7,3
P-00951,2024-05-14,EQ-C02,PRD-004,170.0,15.3,2
P-00952,2024-05-14,EQ-C03,PRD-003,448.0,15.4,8
P-00953,2024-05-15,EQ-A01,PRD-001,240.0,12.4,12
P-00954,2024-05-15,EQ-A02,PRD-001,266.0,13.5,13
P-00955,2024-05-15,EQ-A03,PRD-005,300.0,14.3,17
P-00956,2024-05-15,EQ-B01,PRD-001,316.0,16.4,3
P-00957,2024-05-15,EQ-B02,PRD-002,228.0,17.3,4
P-00958,2024-05-15,EQ-B03,PRD-006,247.0,16.1,2
P-00959,2024-05-15,EQ-C01,PRD-004,151.0,13.2,4
P-00960,2024-05-15,EQ-C02,PRD-001,306.0,16.9,3
P-00961,2024-05-15,EQ-C03,PRD-003,337.0,13.0,8
P-00962,2024-05-16,EQ-A01,PRD-001,281.0,14.6,15
P-00963,2024-05-16,EQ-A02,PRD-004,181.0,15.8,5
P-00964,2024-05-16,EQ-A03,PRD-005,302.0,13.5,12
P-00965,2024-05-16,EQ-B01,PRD-001,321.0,16.3,3
P-00966,2024-05-16,EQ-B02,PRD-002,212.0,15.7,2
P-00967,2024-05-16,EQ-B03,PRD-006,266.0,15.0,3
P-00968,2024-05-16,EQ-C01,PRD-002,206.0,15.0,2
P-00969,2024-05-16,EQ-C02,PRD-001,250.0,13.2,6
P-00970,2024-05-16,EQ-C03,PRD-006,252.0,14.7,7
P-00971,2024-05-17,EQ-A01,PRD-004,139.0,13.3,5
P-00972,2024-05-17,EQ-A02,PRD-004,,12.4,6
P-00973,2024-05-17,EQ-A03,PRD-005,290.0,13.7,15
P-00974,2024-05-17,EQ-B01,PRD-004,158.0,15.2,1
P-00975,2024-05-17,EQ-B02,PRD-004,155.0,15.1,2
P-00976,2024-05-17,EQ-B03,PRD-005,339.0,16.5,3
P-00977,2024-05-17,EQ-C01,PRD-001,253.0,13.9,4
P-00978,2024-05-17,EQ-C02,PRD-004,164.0,15.3,2
P-00979,2024-05-17,EQ-C03,PRD-003,401.0,13.8,12
P-00980,2024-05-18,EQ-B01,PRD-001,138.0,7.6,0
P-00981,2024-05-20,EQ-A01,PRD-002,206.0,14.2,9
P-00982,2024-05-20,EQ-A02,PRD-001,274.0,13.9,6
P-00983,2024-05-20,EQ-A03,PRD-003,341.0,12.5,14
P-00984,2024-05-20,EQ-B01,PRD-004,152.0,14.0,1
P-00985,2024-05-20,EQ-B02,PRD-002,232.0,17.0,3
P-00986,2024-05-20,EQ-B03,PRD-005,326.0,15.3,5
P-00987,2024-05-20,EQ-C01,PRD-002,183.0,13.2,2
P-00988,2024-05-20,EQ-C02,PRD-002,183.0,14.2,3
P-00989,2024-05-20,EQ-C03,PRD-003,445.0,16.1,12
P-00990,2024-05-21,EQ-A01,PRD-002,166.0,12.8,4
P-00991,2024-05-21,EQ-A02,PRD-001,264.0,15.2,7
P-00992,2024-05-21,EQ-A03,PRD-006,269.0,15.9,15
P-00993,2024-05-21,EQ-B01,PRD-002,193.0,14.9,1
P-00994,2024-05-21,EQ-B02,PRD-004,185.0,17.6,3
P-00995,2024-05-21,EQ-B03,PRD-006,285.0,17.2,1
P-00996,2024-05-21,EQ-C01,PRD-004,165.0,15.5,1
P-00997,2024-05-21,EQ-C02,PRD-002,187.0,13.4,4
P-00998,2024-05-21,EQ-C03,PRD-005,383.0,16.1,9
P-00999,2024-05-22,EQ-A01,PRD-001,298.0,15.2,9
P-01000,2024-05-22,EQ-A02,PRD-002,210.0,15.1,12
P-01001,2024-05-22,EQ-A03,PRD-003,430.0,14.9,9
P-01002,2024-05-22,EQ-B01,PRD-002,206.0,14.6,3
P-01003,2024-05-22,EQ-B02,PRD-001,267.0,14.5,1
P-01004,2024-05-22,EQ-B03,PRD-003,371.0,14.1,4
P-01005,2024-05-22,EQ-C01,PRD-004,135.0,13.2,3
P-01006,2024-05-22,EQ-C02,PRD-001,266.0,15.1,8
P-01007,2024-05-22,EQ-C03,PRD-003,423.0,15.3,14
P-01008,2024-05-23,EQ-A01,PRD-001,242.0,12.7,6
P-01009,2024-05-23,EQ-A02,PRD-004,179.0,15.4,9
P-01010,2024-05-23,EQ-A03,PRD-006,210.0,12.7,10
P-01011,2024-05-23,EQ-B01,PRD-002,208.0,15.3,1
P-01012,2024-05-23,EQ-B02,PRD-001,311.0,16.1,5
P-01013,2024-05-23,EQ-B03,PRD-006,286.0,16.9,5
P-01014,2024-05-23,EQ-C01,PRD-001,274.0,14.5,3
P-01015,2024-05-23,EQ-C02,PRD-004,147.0,14.0,4
P-01016,2024-05-23,EQ-C03,PRD-006,240.0,14.5,5
P-01017,2024-05-24,EQ-A01,PRD-004,143.0,12.8,6
P-01018,2024-05-24,EQ-A02,PRD-002,206.0,15.4,9
P-01019,2024-05-24,EQ-A03,PRD-005,340.0,15.5,10
P-01020,2024-05-24,EQ-B01,PRD-001,261.0,14.1,4
P-01021,2024-05-24,EQ-B02,PRD-002,190.0,14.2,2
P-01022,2024-05-24,EQ-B03,PRD-005,345.0,15.1,3
P-01023,2024-05-24,EQ-C01,PRD-001,317.0,16.0,3
P-01024,2024-05-24,EQ-C02,PRD-004,173.0,14.9,1
P-01025,2024-05-24,EQ-C03,PRD-006,210.0,13.5,4
P-01026,2024-05-25,EQ-A02,PRD-001,113.0,6.1,3
P-01027,2024-05-25,EQ-A03,PRD-006,120.0,7.4,6
P-01028,2024-05-27,EQ-A01,PRD-002,165.0,12.3,8
P-01029,2024-05-27,EQ-A02,PRD-004,137.0,13.0,6
P-01030,2024-05-27,EQ-A03,PRD-005,289.0,13.0,5
P-01031,2024-05-27,EQ-B01,PRD-001,347.0,17.6,3
P-01032,2024-05-27,EQ-B02,PRD-001,289.0,15.6,1
P-01033,2024-05-27,EQ-B03,PRD-003,451.0,16.5,7
P-01034,2024-05-27,EQ-C01,PRD-001,327.0,16.6,4
P-01035,2024-05-27,EQ-C02,PRD-001,299.0,15.9,9
P-01036,2024-05-27,EQ-C03,PRD-003,419.0,15.3,9
P-01037,2024-05-28,EQ-A01,PRD-004,136.0,12.7,2
P-01038,2024-05-28,EQ-A02,PRD-004,139.0,12.2,3
P-01039,2024-05-28,EQ-A03,PRD-005,270.0,13.0,13
P-01040,2024-05-28,EQ-B01,PRD-001,299.0,16.7,2
P-01041,2024-05-28,EQ-B02,PRD-002,249.0,17.8,1
P-01042,2024-05-28,EQ-B03,PRD-006,254.0,14.4,2
P-01043,2024-05-28,EQ-C01,PRD-001,270.0,13.6,3
P-01044,2024-05-28,EQ-C02,PRD-001,326.0,16.6,7
P-01045,2024-05-28,EQ-C03,PRD-003,366.0,13.6,4
P-01046,2024-05-29,EQ-A01,PRD-004,158.0,15.5,7
P-01047,2024-05-29,EQ-A02,PRD-001,295.0,15.0,8
P-01048,2024-05-29,EQ-A03,PRD-006,261.0,15.6,14
P-01049,2024-05-29,EQ-B01,PRD-004,154.0,14.3,0
P-01050,2024-05-29,EQ-B02,PRD-004,170.0,16.6,1
P-01051,2024-05-29,EQ-B03,PRD-006,269.0,17.3,4
P-01052,2024-05-29,EQ-C01,PRD-004,169.0,14.7,3
P-01053,2024-05-29,EQ-C02,PRD-002,209.0,15.5,4
P-01054,2024-05-29,EQ-C03,PRD-003,361.0,13.1,10
P-01055,2024-05-30,EQ-A01,PRD-001,232.0,12.9,5
P-01056,2024-05-30,EQ-A02,PRD-004,152.0,13.3,6
P-01057,2024-05-30,EQ-A03,PRD-005,369.0,15.6,7
P-01058,2024-05-30,EQ-B01,PRD-004,170.0,15.1,0
P-01059,2024-05-30,EQ-B02,PRD-001,304.0,16.9,5
P-01060,2024-05-30,EQ-B03,PRD-003,470.0,15.8,6
P-01061,2024-05-30,EQ-C01,PRD-001,284.0,14.3,5
P-01062,2024-05-30,EQ-C02,PRD-004,157.0,15.3,4
P-01063,2024-05-30,EQ-C03,PRD-003,378.0,14.6,6
P-01064,2024-05-31,EQ-A01,PRD-001,258.0,14.0,11
P-01065,2024-05-31,EQ-A02,PRD-002,187.0,13.2,7
P-01066,2024-05-31,EQ-A03,PRD-005,329.0,15.3,6
P-01067,2024-05-31,EQ-B01,PRD-001,305.0,17.3,5
P-01068,2024-05-31,EQ-B02,PRD-004,194.0,17.5,3
P-01069,2024-05-31,EQ-B03,PRD-003,425.0,14.5,2
P-01070,2024-05-31,EQ-C01,PRD-004,167.0,14.5,2
P-01071,2024-05-31,EQ-C02,PRD-001,321.0,16.9,6
P-01072,2024-05-31,EQ-C03,PRD-005,366.0,16.0,11
P-01073,2024-06-01,EQ-A02,PRD-001,133.0,7.1,7
P-01074,2024-06-01,EQ-B02,PRD-001,150.0,7.7,2
P-01075,2024-06-03,EQ-A01,PRD-002,177.0,12.8,7
P-01076,2024-06-03,EQ-A02,PRD-002,209.0,15.3,6
P-01077,2024-06-03,EQ-A03,PRD-003,380.0,12.8,11
P-01078,2024-06-03,EQ-B01,PRD-001,317.0,17.0,3
P-01079,2024-06-03,EQ-B02,PRD-001,329.0,16.5,1
P-01080,2024-06-03,EQ-B03,PRD-005,309.0,14.4,4
P-01081,2024-06-03,EQ-C01,PRD-002,196.0,15.3,6
P-01082,2024-06-03,EQ-C02,PRD-004,171.0,16.7,2
P-01083,2024-06-03,EQ-C03,PRD-003,418.0,14.7,12
P-01084,2024-06-04,EQ-A01,PRD-004,140.0,12.9,6
P-01085,2024-06-04,EQ-A02,PRD-001,237.0,13.2,13
P-01086,2024-06-04,EQ-A03,PRD-005,291.0,12.5,7
P-01087,2024-06-04,EQ-B01,PRD-002,180.0,14.0,2
P-01088,2024-06-04,EQ-B02,PRD-001,337.0,17.4,6
P-01089,2024-06-04,EQ-B03,PRD-005,347.0,15.6,3
P-01090,2024-06-04,EQ-C01,PRD-004,146.0,14.3,3
P-01091,2024-06-04,EQ-C02,PRD-002,180.0,13.0,4
P-01092,2024-06-04,EQ-C03,PRD-003,495.0,16.6,8
P-01093,2024-06-05,EQ-A01,PRD-002,207.0,15.0,7
P-01094,2024-06-05,EQ-A02,PRD-004,183.0,15.8,7
P-01095,2024-06-05,EQ-A03,PRD-006,249.0,14.7,12
P-01096,2024-06-05,EQ-B01,PRD-002,230.0,17.5,2
P-01097,2024-06-05,EQ-B02,PRD-001,251.0,14.5,3
P-01098,2024-06-05,EQ-B03,PRD-003,499.0,17.7,5
P-01099,2024-06-05,EQ-C01,PRD-002,226.0,15.5,4
P-01100,2024-06-05,EQ-C02,PRD-004,166.0,15.4,5
P-01101,2024-06-05,EQ-C03,PRD-006,254.0,16.2,3
P-01102,2024-06-06,EQ-A01,PRD-002,158.0,12.1,8
P-01103,2024-06-06,EQ-A02,PRD-001,231.0,12.7,13
P-01104,2024-06-06,EQ-A03,PRD-003,384.0,12.9,10
P-01105,2024-06-06,EQ-B01,PRD-002,207.0,15.5,1
P-01106,2024-06-06,EQ-B02,PRD-001,255.0,14.8,2
P-01107,2024-06-06,EQ-B03,PRD-005,345.0,16.7,1
P-01108,2024-06-06,EQ-C01,PRD-001,243.0,14.1,7
P-01109,2024-06-06,EQ-C02,PRD-002,191.0,14.6,2
P-01110,2024-06-06,EQ-C03,PRD-003,449.0,16.0,5
P-01111,2024-06-07,EQ-A01,PRD-002,210.0,15.2,6
P-01112,2024-06-07,EQ-A02,PRD-002,169.0,12.7,6
P-01113,2024-06-07,EQ-A03,PRD-005,281.0,12.6,10
P-01114,2024-06-07,EQ-B01,PRD-001,321.0,17.7,4
P-01115,2024-06-07,EQ-B02,PRD-001,258.0,14.1,4
P-01116,2024-06-07,EQ-B03,PRD-005,376.0,17.1,5
P-01117,2024-06-07,EQ-C01,PRD-001,226.0,13.1,6
P-01118,2024-06-07,EQ-C02,PRD-001,289.0,16.2,8
P-01119,2024-06-07,EQ-C03,PRD-003,404.0,13.6,4
P-01120,2024-06-08,EQ-A02,PRD-001,106.0,6.2,2
P-01121,2024-06-08,EQ-A03,PRD-005,164.0,7.7,5
P-01122,2024-06-08,EQ-B01,PRD-004,,8.5,1
P-01123,2024-06-08,EQ-B02,PRD-002,105.0,7.2,1
P-01124,2024-06-08,EQ-C03,PRD-003,213.0,7.7,6
P-01125,2024-06-10,EQ-A01,PRD-002,180.0,13.1,5
P-01126,2024-06-10,EQ-A02,PRD-004,131.0,12.0,3
P-01127,2024-06-10,EQ-A03,PRD-006,232.0,12.9,11
P-01128,2024-06-10,EQ-B01,PRD-001,,14.7,4
P-01129,2024-06-10,EQ-B02,PRD-002,200.0,14.0,2
P-01130,2024-06-10,EQ-B03,PRD-003,417.0,14.7,4
P-01131,2024-06-10,EQ-C01,PRD-004,157.0,14.0,4
P-01132,2024-06-10,EQ-C02,PRD-004,173.0,15.6,4
P-01133,2024-06-10,EQ-C03,PRD-003,359.0,13.6,9
P-01134,2024-06-11,EQ-A01,PRD-002,182.0,12.8,4
P-01135,2024-06-11,EQ-A02,PRD-004,148.0,12.6,5
P-01136,2024-06-11,EQ-A03,PRD-006,242.0,15.4,6
P-01137,2024-06-11,EQ-B01,PRD-002,231.0,17.1,2
P-01138,2024-06-11,EQ-B02,PRD-001,302.0,,3
P-01139,2024-06-11,EQ-B03,PRD-005,336.0,,5
P-01140,2024-06-11,EQ-C01,PRD-001,274.0,14.5,6
P-01141,2024-06-11,EQ-C02,PRD-001,295.0,15.0,6
P-01142,2024-06-11,EQ-C03,PRD-005,285.0,13.6,5
P-01143,2024-06-12,EQ-A01,PRD-001,,16.0,7
P-01144,2024-06-12,EQ-A02,PRD-004,148.0,12.6,7
P-01145,2024-06-12,EQ-A03,PRD-006,253.0,15.2,12
P-01146,2024-06-12,EQ-B01,PRD-001,323.0,16.6,5
P-01147,2024-06-12,EQ-B02,PRD-004,176.0,15.3,2
P-01148,2024-06-12,EQ-B03,PRD-006,285.0,17.2,1
P-01149,2024-06-12,EQ-C01,PRD-004,138.0,,4
P-01150,2024-06-12,EQ-C02,PRD-004,172.0,14.7,4
P-01151,2024-06-12,EQ-C03,PRD-003,392.0,13.1,6
P-01152,2024-06-13,EQ-A01,PRD-001,266.0,15.6,8
P-01153,2024-06-13,EQ-A02,PRD-001,222.0,12.5,9
P-01154,2024-06-13,EQ-A03,PRD-005,314.0,15.0,7
P-01155,2024-06-13,EQ-B01,PRD-001,292.0,16.2,5
P-01156,2024-06-13,EQ-B02,PRD-002,200.0,15.7,3
P-01157,2024-06-13,EQ-B03,PRD-006,238.0,14.7,3
P-01158,2024-06-13,EQ-C01,PRD-001,262.0,13.2,5
P-01159,2024-06-13,EQ-C02,PRD-001,287.0,16.4,7
P-01160,2024-06-13,EQ-C03,PRD-005,354.0,16.2,10
P-01161,2024-06-14,EQ-A01,PRD-001,249.0,14.0,7
P-01162,2024-06-14,EQ-A02,PRD-001,251.0,14.7,7
P-01163,2024-06-14,EQ-A03,PRD-003,385.0,13.7,17
P-01164,2024-06-14,EQ-B01,PRD-002,209.0,14.5,2
P-01165,2024-06-14,EQ-B02,PRD-004,155.0,14.4,2
P-01166,2024-06-14,EQ-B03,PRD-003,459.0,17.9,7
P-01167,2024-06-14,EQ-C01,PRD-004,166.0,14.5,1
P-01168,2024-06-14,EQ-C02,PRD-004,150.0,14.6,3
P-01169,2024-06-14,EQ-C03,PRD-005,305.0,13.6,8
P-01170,2024-06-15,EQ-A01,PRD-004,88.0,8.0,2
P-01171,2024-06-15,EQ-A03,PRD-003,167.0,6.0,5
P-01172,2024-06-15,EQ-B03,PRD-006,132.0,7.9,2
P-01173,2024-06-15,EQ-C02,PRD-001,117.0,6.9,1
P-01174,2024-06-15,EQ-C03,PRD-005,156.0,7.2,1
P-01175,2024-06-17,EQ-A01,PRD-004,140.0,13.7,6
P-01176,2024-06-17,EQ-A02,PRD-002,187.0,14.5,8
P-01177,2024-06-17,EQ-A03,PRD-005,337.0,14.3,13
P-01178,2024-06-17,EQ-B01,PRD-004,194.0,16.3,1
P-01179,2024-06-17,EQ-B02,PRD-002,214.0,16.2,3
P-01180,2024-06-17,EQ-B03,PRD-003,506.0,17.5,9
P-01181,2024-06-17,EQ-C01,PRD-004,188.0,16.3,5
P-01182,2024-06-17,EQ-C02,PRD-001,227.0,13.1,6
P-01183,2024-06-17,EQ-C03,PRD-006,254.0,15.7,8
P-01184,2024-06-18,EQ-A01,PRD-004,183.0,15.9,7
P-01185,2024-06-18,EQ-A02,PRD-002,196.0,15.1,8
P-01186,2024-06-18,EQ-A03,PRD-005,284.0,12.7,8
P-01187,2024-06-18,EQ-B01,PRD-004,167.0,15.8,2
P-01188,2024-06-18,EQ-B02,PRD-004,169.0,14.6,1
P-01189,2024-06-18,EQ-B03,PRD-006,244.0,14.9,3
P-01190,2024-06-18,EQ-C01,PRD-004,162.0,15.4,5
P-01191,2024-06-18,EQ-C02,PRD-001,239.0,13.9,6
P-01192,2024-06-18,EQ-C03,PRD-003,472.0,16.7,13
P-01193,2024-06-19,EQ-A01,PRD-001,255.0,14.1,13
P-01194,2024-06-19,EQ-A02,PRD-004,152.0,13.2,4
P-01195,2024-06-19,EQ-A03,PRD-003,419.0,14.5,23
P-01196,2024-06-19,EQ-B01,PRD-002,198.0,15.1,3
P-01197,2024-06-19,EQ-B02,PRD-004,176.0,15.9,0
P-01198,2024-06-19,EQ-B03,PRD-003,463.0,16.0,7
P-01199,2024-06-19,EQ-C01,PRD-001,262.0,15.1,5
P-01200,2024-06-19,EQ-C02,PRD-001,311.0,16.3,9
P-01201,2024-06-19,EQ-C03,PRD-003,478.0,16.2,5
P-01202,2024-06-20,EQ-A01,PRD-002,188.0,13.4,6
P-01203,2024-06-20,EQ-A02,PRD-004,156.0,13.3,9
P-01204,2024-06-20,EQ-A03,PRD-005,302.0,14.5,17
P-01205,2024-06-20,EQ-B01,PRD-002,232.0,17.6,4
P-01206,2024-06-20,EQ-B02,PRD-002,249.0,17.0,1
P-01207,2024-06-20,EQ-B03,PRD-005,331.0,15.4,4
P-01208,2024-06-20,EQ-C01,PRD-004,161.0,13.8,3
P-01209,2024-06-20,EQ-C02,PRD-002,213.0,16.4,3
P-01210,2024-06-20,EQ-C03,PRD-005,328.0,14.6,5
P-01211,2024-06-21,EQ-A01,PRD-002,201.0,14.7,10
P-01212,2024-06-21,EQ-A02,PRD-004,136.0,12.9,7
P-01213,2024-06-21,EQ-A03,PRD-005,278.0,12.1,6
P-01214,2024-06-21,EQ-B01,PRD-004,210.0,17.7,3
P-01215,2024-06-21,EQ-B02,PRD-002,208.0,14.3,1
P-01216,2024-06-21,EQ-B03,PRD-006,268.0,17.4,1
P-01217,2024-06-21,EQ-C01,PRD-001,275.0,14.7,6
P-01218,2024-06-21,EQ-C02,PRD-001,293.0,14.9,5
P-01219,2024-06-21,EQ-C03,PRD-003,403.0,15.1,4
P-01220,2024-06-22,EQ-A02,PRD-001,137.0,7.9,3
P-01221,2024-06-22,EQ-A03,PRD-005,153.0,6.4,3
P-01222,2024-06-22,EQ-B01,PRD-004,81.0,7.4,1
P-01223,2024-06-22,EQ-B03,PRD-006,129.0,8.3,1
P-01224,2024-06-22,EQ-C01,PRD-001,128.0,7.1,3
P-01225,2024-06-22,EQ-C02,PRD-002,100.0,6.8,2
P-01226,2024-06-24,EQ-A01,PRD-004,150.0,13.7,5
P-01227,2024-06-24,EQ-A02,PRD-004,174.0,,5
P-01228,2024-06-24,EQ-A03,PRD-005,270.0,12.6,11
P-01229,2024-06-24,EQ-B01,PRD-001,261.0,15.1,3
P-01230,2024-06-24,EQ-B02,PRD-001,300.0,15.1,2
P-01231,2024-06-24,EQ-B03,PRD-003,491.0,17.9,6
P-01232,2024-06-24,EQ-C01,PRD-004,165.0,15.7,5
P-01233,2024-06-24,EQ-C02,PRD-004,,16.9,6
P-01234,2024-06-24,EQ-C03,PRD-003,416.0,14.6,13
P-01235,2024-06-25,EQ-A01,PRD-002,203.0,15.5,5
P-01236,2024-06-25,EQ-A02,PRD-004,147.0,12.5,7
P-01237,2024-06-25,EQ-A03,PRD-003,382.0,14.7,22
P-01238,2024-06-25,EQ-B01,PRD-004,179.0,15.6,0
P-01239,2024-06-25,EQ-B02,PRD-002,184.0,14.4,3
P-01240,2024-06-25,EQ-B03,PRD-006,277.0,17.1,2
P-01241,2024-06-25,EQ-C01,PRD-004,137.0,13.3,4
P-01242,2024-06-25,EQ-C02,PRD-001,259.0,13.0,7
P-01243,2024-06-25,EQ-C03,PRD-005,307.0,,9
P-01244,2024-06-26,EQ-A01,PRD-004,161.0,14.8,5
P-01245,2024-06-26,EQ-A02,PRD-004,130.0,12.2,7
P-01246,2024-06-26,EQ-A03,PRD-005,272.0,13.0,11
P-01247,2024-06-26,EQ-B01,PRD-004,161.0,15.4,2
P-01248,2024-06-26,EQ-B02,PRD-002,217.0,16.9,2
P-01249,2024-06-26,EQ-B03,PRD-005,373.0,16.1,5
P-01250,2024-06-26,EQ-C01,PRD-001,287.0,14.5,8
P-01251,2024-06-26,EQ-C02,PRD-001,301.0,16.0,8
P-01252,2024-06-26,EQ-C03,PRD-005,366.0,15.8,9
P-01253,2024-06-27,EQ-A01,PRD-001,295.0,15.9,13
P-01254,2024-06-27,EQ-A02,PRD-002,204.0,15.0,7
P-01255,2024-06-27,EQ-A03,PRD-003,391.0,14.4,18
P-01256,2024-06-27,EQ-B01,PRD-002,229.0,16.6,3
P-01257,2024-06-27,EQ-B02,PRD-004,166.0,14.6,1
P-01258,2024-06-27,EQ-B03,PRD-003,462.0,16.7,2
P-01259,2024-06-27,EQ-C01,PRD-004,137.0,13.1,4
P-01260,2024-06-27,EQ-C02,PRD-004,173.0,16.5,5
P-01261,2024-06-27,EQ-C03,PRD-006,231.0,14.2,5
P-01262,2024-06-28,EQ-A01,PRD-002,199.0,14.5,8
P-01263,2024-06-28,EQ-A02,PRD-004,128.0,12.2,3
P-01264,2024-06-28,EQ-A03,PRD-006,248.0,15.0,6
P-01265,2024-06-28,EQ-B01,PRD-004,157.0,15.3,1
P-01266,2024-06-28,EQ-B02,PRD-004,168.0,14.7,1
P-01267,2024-06-28,EQ-B03,PRD-005,382.0,17.7,6
P-01268,2024-06-28,EQ-C01,PRD-004,185.0,16.0,3
P-01269,2024-06-28,EQ-C02,PRD-001,260.0,15.0,4
P-01270,2024-06-28,EQ-C03,PRD-006,249.0,15.3,5
P-01271,2024-06-29,EQ-B01,PRD-004,84.0,7.9,0
P-01272,2024-06-29,EQ-B02,PRD-002,112.0,8.5,1
P-01273,2024-06-29,EQ-C01,PRD-001,149.0,8.0,5
P-01274,2024-06-29,EQ-C02,PRD-004,67.0,6.5,0
P-01275,2024-06-29,EQ-C03,PRD-006,120.0,6.9,3
