downtime_id,date,equipment_id,shift,downtime_type,start_time,end_time,duration_min,cause,line
DT-00001,2024-01-01,EQ-A03,야간,소정지,2024-01-01 22:08,2024-01-01 22:18,10.0,,A라인
DT-00002,2024-01-02,EQ-A01,주간,설비고장,2024-01-02 09:24,2024-01-02 11:43,139.0,스핀들 이상,A라인
DT-00003,2024-01-02,EQ-A04,야간,설비고장,2024-01-02 00:45,2024-01-02 01:38,53.0,,A라인
DT-00004,2024-01-02,EQ-A04,야간,소정지,2024-01-02 03:19,2024-01-02 03:35,16.0,냉각수 부족,A라인
DT-00005,2024-01-02,EQ-C02,주간,셋업/조정,2024-01-02 15:36,2024-01-02 16:29,53.0,지그 교체,C라인
DT-00006,2024-01-03,EQ-A02,야간,설비고장,2024-01-03 23:29,2024-01-04 01:22,113.0,스핀들 이상,A라인
DT-00007,2024-01-03,EQ-A04,야간,셋업/조정,2024-01-03 01:14,2024-01-03 01:30,16.0,원점 재설정,A라인
DT-00008,2024-01-03,EQ-C02,야간,설비고장,2024-01-03 03:25,2024-01-03 06:04,159.0,센서 오작동,C라인
DT-00009,2024-01-03,EQ-C03,야간,설비고장,2024-01-03 03:29,2024-01-03 06:36,187.0,스핀들 이상,C라인
DT-00010,2024-01-04,EQ-A03,야간,소정지,2024-01-04 23:22,2024-01-04 23:30,8.0,칩 막힘,A라인
DT-00011,2024-01-04,EQ-A04,야간,소정지,2024-01-04 03:38,2024-01-04 03:52,14.0,,A라인
DT-00012,2024-01-04,EQ-B02,주간,소정지,2024-01-04 14:52,2024-01-04 14:59,7.0,냉각수 부족,B라인
DT-00013,2024-01-04,EQ-C01,야간,속도저하,2024-01-04 23:50,2024-01-05 00:54,64.0,공구 마모,C라인
DT-00014,2024-01-04,EQ-C04,야간,셋업/조정,2024-01-04 04:15,2024-01-04 04:58,43.0,원점 재설정,C라인
DT-00015,2024-01-05,EQ-A01,주간,소정지,2024-01-05 15:24,2024-01-05 15:30,6.0,냉각수 부족,A라인
DT-00016,2024-01-05,EQ-A01,야간,설비고장,2024-01-05 04:36,2024-01-05 05:13,37.0,베어링 마모,A라인
DT-00017,2024-01-05,EQ-A03,주간,속도저하,2024-01-05 10:42,2024-01-05 11:59,,프로그램 미최적화,A라인
DT-00018,2024-01-05,EQ-A03,야간,속도저하,2024-01-05 23:37,2024-01-06 00:39,62.0,프로그램 미최적화,A라인
DT-00019,2024-01-05,EQ-C04,주간,소정지,2024-01-05 15:11,2024-01-05 15:19,8.0,센서 오감지,C라인
DT-00020,2024-01-06,EQ-A03,주간,셋업/조정,2024-01-06 09:43,2024-01-06 10:07,24.0,원점 재설정,A라인
DT-00021,2024-01-06,EQ-B03,야간,초기불량,2024-01-06 05:41,2024-01-06 05:56,15.0,측정 오차,B라인
DT-00022,2024-01-08,EQ-A04,주간,속도저하,2024-01-08 10:56,2024-01-08 11:52,56.0,공구 마모,A라인
DT-00023,2024-01-08,EQ-A04,주간,소정지,2024-01-08 10:28,2024-01-08 10:40,12.0,칩 막힘,A라인
DT-00024,2024-01-08,EQ-C02,야간,소정지,2024-01-08 01:13,2024-01-08 01:28,15.0,공구 파손,C라인
DT-00025,2024-01-08,EQ-C04,야간,속도저하,2024-01-08 02:58,2024-01-08 03:43,45.0,냉각 부족,C라인
DT-00026,2024-01-09,EQ-A02,야간,계획정지,2024-01-09 23:37,2024-01-10 01:23,106.0,자재 대기,A라인
DT-00027,2024-01-09,EQ-A04,야간,설비고장,2024-01-09 00:54,2024-01-09 03:24,150.0,센서 오작동,A라인
DT-00028,2024-01-10,EQ-A03,주간,셋업/조정,2024-01-10 08:45,2024-01-10 09:35,50.0,프로그램 변경,A라인
DT-00029,2024-01-10,EQ-A03,주간,소정지,2024-01-10 12:55,2024-01-10 13:02,7.0,센서 오감지,A라인
DT-00030,2024-01-10,EQ-A03,야간,설비고장,2024-01-10 03:45,2024-01-10 05:37,112.0,전기 접촉 불량,A라인
DT-00031,2024-01-11,EQ-B04,야간,셋업/조정,2024-01-11 01:42,2024-01-11 02:24,42.0,원점 재설정,B라인
DT-00032,2024-01-11,EQ-C01,주간,설비고장,2024-01-11 14:53,2024-01-11 15:35,42.0,베어링 마모,C라인
DT-00033,2024-01-12,EQ-A03,주간,계획정지,2024-01-12 12:55,2024-01-12 13:33,38.0,자재 대기,A라인
DT-00034,2024-01-12,EQ-B04,주간,속도저하,2024-01-12 09:41,2024-01-12 10:53,72.0,소재 경도 편차,B라인
DT-00035,2024-01-12,EQ-C03,야간,설비고장,2024-01-12 04:08,2024-01-12 04:47,39.0,스핀들 이상,C라인
DT-00036,2024-01-13,EQ-A03,야간,설비고장,2024-01-13 05:57,2024-01-13 06:38,41.0,스핀들 이상,A라인
DT-00037,2024-01-13,EQ-C01,야간,속도저하,2024-01-13 00:29,2024-01-13 02:24,115.0,프로그램 미최적화,C라인
DT-00038,2024-01-15,EQ-A01,야간,소정지,2024-01-15 04:22,2024-01-15 04:35,13.0,,A라인
DT-00039,2024-01-16,EQ-C03,주간,설비고장,2024-01-16 15:54,2024-01-16 16:35,41.0,전기 접촉 불량,C라인
DT-00040,2024-01-16,EQ-C04,야간,속도저하,2024-01-16 04:59,2024-01-16 05:48,49.0,프로그램 미최적화,C라인
DT-00041,2024-01-17,EQ-A04,주간,소정지,2024-01-17 08:36,2024-01-17 08:47,11.0,센서 오감지,A라인
DT-00042,2024-01-17,EQ-A04,주간,소정지,2024-01-17 15:44,2024-01-17 15:53,9.0,센서 오감지,A라인
DT-00043,2024-01-17,EQ-C01,야간,설비고장,2024-01-17 05:33,2024-01-17 08:50,,스핀들 이상,C라인
DT-00044,2024-01-18,EQ-A01,주간,설비고장,2024-01-18 11:30,2024-01-18 15:23,233.0,센서 오작동,A라인
DT-00045,2024-01-18,EQ-A02,야간,소정지,2024-01-18 22:57,2024-01-18 23:10,13.0,칩 막힘,A라인
DT-00046,2024-01-18,EQ-B02,야간,셋업/조정,2024-01-18 05:32,2024-01-18 05:54,22.0,금형 교체,B라인
DT-00047,2024-01-19,EQ-A03,야간,계획정지,2024-01-19 04:22,2024-01-19 06:12,110.0,금형 예열,A라인
DT-00048,2024-01-19,EQ-C01,야간,계획정지,2024-01-19 00:02,2024-01-19 01:15,73.0,,C라인
DT-00049,2024-01-19,EQ-C02,야간,속도저하,2024-01-19 02:03,2024-01-19 02:26,23.0,,C라인
DT-00050,2024-01-20,EQ-C04,주간,소정지,2024-01-20 08:42,2024-01-20 08:52,10.0,냉각수 부족,C라인
DT-00051,2024-01-22,EQ-A01,주간,계획정지,2024-01-22 12:31,2024-01-22 14:22,111.0,금형 예열,A라인
DT-00052,2024-01-22,EQ-A03,주간,설비고장,2024-01-22 12:16,2024-01-22 15:41,205.0,센서 오작동,A라인
DT-00053,2024-01-22,EQ-B02,야간,설비고장,2024-01-22 02:00,2024-01-22 04:55,175.0,유압 누유,B라인
DT-00054,2024-01-23,EQ-A04,주간,속도저하,2024-01-23 10:42,2024-01-23 12:25,103.0,프로그램 미최적화,A라인
DT-00055,2024-01-23,EQ-B03,야간,셋업/조정,2024-01-23 01:31,2024-01-23 01:53,22.0,지그 교체,B라인
DT-00056,2024-01-24,EQ-A01,주간,설비고장,2024-01-24 13:05,2024-01-24 16:02,177.0,센서 오작동,A라인
DT-00057,2024-01-24,EQ-A02,주간,계획정지,2024-01-24 15:48,2024-01-24 17:28,100.0,금형 예열,A라인
DT-00058,2024-01-24,EQ-A03,주간,계획정지,2024-01-24 15:46,2024-01-24 17:42,116.0,자재 대기,A라인
DT-00059,2024-01-25,EQ-A01,야간,소정지,2024-01-25 22:41,2024-01-25 22:50,9.0,소재 걸림,A라인
DT-00060,2024-01-25,EQ-B01,주간,셋업/조정,2024-01-25 10:29,2024-01-25 11:03,34.0,금형 교체,B라인
DT-00061,2024-01-25,EQ-B01,야간,셋업/조정,2024-01-25 01:24,2024-01-25 01:57,33.0,프로그램 변경,B라인
DT-00062,2024-01-26,EQ-A02,야간,속도저하,2024-01-26 02:09,2024-01-26 03:45,96.0,절삭유 노후,A라인
DT-00063,2024-01-26,EQ-A04,주간,소정지,2024-01-26 12:59,2024-01-26 13:15,16.0,공구 파손,A라인
DT-00064,2024-01-26,EQ-C01,야간,속도저하,2024-01-26 22:06,2024-01-26 23:43,97.0,절삭유 노후,C라인
DT-00065,2024-01-26,EQ-C02,야간,계획정지,2024-01-26 02:21,2024-01-26 03:17,56.0,교육/미팅,C라인
DT-00066,2024-01-26,EQ-C03,야간,셋업/조정,2024-01-26 04:29,2024-01-26 05:17,48.0,금형 교체,C라인
DT-00067,2024-01-27,EQ-A02,주간,속도저하,2024-01-27 13:43,2024-01-27 14:11,28.0,소재 경도 편차,A라인
DT-00068,2024-01-27,EQ-A04,야간,속도저하,2024-01-27 22:43,2024-01-27 23:29,46.0,소재 경도 편차,A라인
DT-00069,2024-01-27,EQ-B01,주간,설비고장,2024-01-27 14:06,2024-01-27 16:35,149.0,모터 과열,B라인
DT-00070,2024-01-27,EQ-B02,야간,소정지,2024-01-27 01:46,2024-01-27 01:55,9.0,공구 파손,B라인
DT-00071,2024-01-27,EQ-C02,주간,셋업/조정,2024-01-27 08:39,2024-01-27 09:25,46.0,지그 교체,C라인
DT-00072,2024-01-29,EQ-A03,주간,설비고장,2024-01-29 09:45,2024-01-29 10:58,73.0,센서 오작동,A라인
DT-00073,2024-01-29,EQ-C03,주간,계획정지,2024-01-29 14:42,2024-01-29 15:35,53.0,예방정비,C라인
DT-00074,2024-01-30,EQ-C03,주간,속도저하,2024-01-30 09:44,2024-01-30 10:59,75.0,프로그램 미최적화,C라인
DT-00075,2024-01-30,EQ-C03,야간,설비고장,2024-01-30 23:40,2024-01-31 02:35,175.0,유압 누유,C라인
DT-00076,2024-01-30,EQ-C03,야간,소정지,2024-01-30 03:16,2024-01-30 03:34,18.0,센서 오감지,C라인
DT-00077,2024-01-31,EQ-A02,야간,설비고장,2024-01-31 22:24,2024-02-01 01:44,200.0,모터 과열,A라인
DT-00078,2024-01-31,EQ-A02,야간,셋업/조정,2024-01-31 02:11,2024-01-31 02:33,22.0,금형 교체,A라인
DT-00079,2024-01-31,EQ-A03,주간,셋업/조정,2024-01-31 14:11,2024-01-31 14:44,33.0,원점 재설정,A라인
DT-00080,2024-01-31,EQ-A03,주간,소정지,2024-01-31 14:13,2024-01-31 14:24,11.0,,A라인
DT-00081,2024-01-31,EQ-B03,야간,소정지,2024-01-31 02:06,2024-01-31 02:15,9.0,칩 막힘,B라인
DT-00082,2024-01-31,EQ-B04,야간,설비고장,2024-01-31 05:01,2024-01-31 06:57,116.0,모터 과열,B라인
DT-00083,2024-01-31,EQ-C01,주간,초기불량,2024-01-31 08:42,2024-01-31 09:03,21.0,첫 로트 조건 미달,C라인
DT-00084,2024-01-31,EQ-C03,야간,셋업/조정,2024-01-31 04:36,2024-01-31 05:07,31.0,지그 교체,C라인
DT-00085,2024-02-01,EQ-B04,야간,설비고장,2024-02-01 05:27,2024-02-01 07:35,128.0,스핀들 이상,B라인
DT-00086,2024-02-02,EQ-A04,주간,셋업/조정,2024-02-02 08:24,2024-02-02 08:50,26.0,금형 교체,A라인
DT-00087,2024-02-03,EQ-A01,주간,계획정지,2024-02-03 13:21,2024-02-03 13:52,31.0,자재 대기,A라인
DT-00088,2024-02-03,EQ-A02,주간,속도저하,2024-02-03 09:23,2024-02-03 11:03,100.0,절삭유 노후,A라인
DT-00089,2024-02-03,EQ-A04,주간,소정지,2024-02-03 15:48,2024-02-03 15:59,11.0,센서 오감지,A라인
DT-00090,2024-02-03,EQ-A04,주간,속도저하,2024-02-03 08:24,2024-02-03 09:15,51.0,소재 경도 편차,A라인
DT-00091,2024-02-03,EQ-B04,야간,속도저하,2024-02-03 23:40,2024-02-04 01:21,101.0,냉각 부족,B라인
DT-00092,2024-02-05,EQ-A02,주간,속도저하,2024-02-05 15:47,2024-02-05 17:17,90.0,절삭유 노후,A라인
DT-00093,2024-02-05,EQ-A03,주간,설비고장,2024-02-05 08:46,2024-02-05 10:15,89.0,모터 과열,A라인
DT-00094,2024-02-05,EQ-A04,야간,계획정지,2024-02-05 04:04,2024-02-05 05:58,114.0,점검,A라인
DT-00095,2024-02-05,EQ-C03,야간,속도저하,2024-02-05 05:01,2024-02-05 06:36,95.0,냉각 부족,C라인
DT-00096,2024-02-05,EQ-C04,야간,설비고장,2024-02-05 22:25,2024-02-06 00:33,128.0,모터 과열,C라인
DT-00097,2024-02-06,EQ-A03,야간,설비고장,2024-02-06 00:47,2024-02-06 02:41,114.0,스핀들 이상,A라인
DT-00098,2024-02-06,EQ-A04,주간,소정지,2024-02-06 10:31,2024-02-06 10:50,19.0,칩 막힘,A라인
DT-00099,2024-02-06,EQ-C04,주간,속도저하,2024-02-06 11:44,2024-02-06 12:22,38.0,절삭유 노후,C라인
DT-00100,2024-02-07,EQ-A01,주간,소정지,2024-02-07 08:57,2024-02-07 09:12,15.0,칩 막힘,A라인
DT-00101,2024-02-07,EQ-A03,야간,셋업/조정,2024-02-07 00:53,2024-02-07 01:27,34.0,금형 교체,A라인
DT-00102,2024-02-07,EQ-A04,주간,소정지,2024-02-07 15:38,2024-02-07 15:49,11.0,칩 막힘,A라인
DT-00103,2024-02-07,EQ-B04,주간,속도저하,2024-02-07 11:27,2024-02-07 12:50,83.0,소재 경도 편차,B라인
DT-00104,2024-02-08,EQ-A01,야간,셋업/조정,2024-02-08 23:43,2024-02-09 00:20,37.0,원점 재설정,A라인
DT-00105,2024-02-08,EQ-B04,야간,소정지,2024-02-08 01:48,2024-02-08 02:08,20.0,소재 걸림,B라인
DT-00106,2024-02-08,EQ-C01,야간,설비고장,2024-02-08 23:07,2024-02-09 00:07,60.0,베어링 마모,C라인
DT-00107,2024-02-08,EQ-C03,주간,셋업/조정,2024-02-08 13:35,2024-02-08 14:17,42.0,원점 재설정,C라인
DT-00108,2024-02-09,EQ-A04,주간,설비고장,2024-02-09 10:06,2024-02-09 12:18,132.0,베어링 마모,A라인
DT-00109,2024-02-09,EQ-C01,야간,속도저하,2024-02-09 00:01,2024-02-09 01:36,95.0,프로그램 미최적화,C라인
DT-00110,2024-02-09,EQ-C01,주간,초기불량,2024-02-09 08:11,2024-02-09 08:46,35.0,워밍업 미흡,C라인
DT-00111,2024-02-10,EQ-A02,야간,계획정지,2024-02-10 04:44,2024-02-10 06:11,87.0,금형 예열,A라인
DT-00112,2024-02-10,EQ-C03,주간,초기불량,2024-02-10 11:09,2024-02-10 11:21,12.0,측정 오차,C라인
DT-00113,2024-02-12,EQ-A01,야간,소정지,2024-02-12 04:15,2024-02-12 04:32,17.0,냉각수 부족,A라인
DT-00114,2024-02-12,EQ-A01,주간,계획정지,2024-02-12 10:45,2024-02-12 11:53,68.0,금형 예열,A라인
DT-00115,2024-02-12,EQ-A02,야간,소정지,2024-02-12 03:26,2024-02-12 03:37,11.0,칩 막힘,A라인
DT-00116,2024-02-12,EQ-B03,주간,설비고장,2024-02-12 09:33,2024-02-12 13:32,239.0,베어링 마모,B라인
DT-00117,2024-02-13,EQ-A01,야간,계획정지,2024-02-13 01:29,2024-02-13 03:07,98.0,금형 예열,A라인
DT-00118,2024-02-13,EQ-A02,야간,속도저하,2024-02-13 22:12,2024-02-13 23:42,90.0,소재 경도 편차,A라인
DT-00119,2024-02-13,EQ-A03,야간,설비고장,2024-02-13 05:11,2024-02-13 08:49,218.0,베어링 마모,A라인
DT-00120,2024-02-13,EQ-A03,주간,설비고장,2024-02-13 13:18,2024-02-13 14:52,94.0,모터 과열,A라인
DT-00121,2024-02-13,EQ-B01,야간,설비고장,2024-02-13 05:02,2024-02-13 07:26,144.0,유압 누유,B라인
DT-00122,2024-02-13,EQ-B04,주간,설비고장,2024-02-13 10:50,2024-02-13 12:49,119.0,모터 과열,B라인
DT-00123,2024-02-14,EQ-A02,주간,설비고장,2024-02-14 09:57,2024-02-14 13:02,185.0,센서 오작동,A라인
DT-00124,2024-02-15,EQ-A01,야간,설비고장,2024-02-15 04:12,2024-02-15 06:18,126.0,전기 접촉 불량,A라인
DT-00125,2024-02-15,EQ-B01,주간,속도저하,2024-02-15 09:20,2024-02-15 10:02,42.0,냉각 부족,B라인
DT-00126,2024-02-16,EQ-A04,야간,설비고장,2024-02-16 01:24,2024-02-16 02:23,59.0,베어링 마모,A라인
DT-00127,2024-02-16,EQ-B02,야간,초기불량,2024-02-16 05:03,2024-02-16 05:44,41.0,워밍업 미흡,B라인
DT-00128,2024-02-17,EQ-A04,주간,초기불량,2024-02-17 15:11,2024-02-17 15:42,31.0,첫 로트 조건 미달,A라인
DT-00129,2024-02-17,EQ-A04,야간,셋업/조정,2024-02-17 01:40,2024-02-17 02:14,34.0,지그 교체,A라인
DT-00130,2024-02-17,EQ-C02,주간,셋업/조정,2024-02-17 13:08,2024-02-17 14:04,56.0,프로그램 변경,C라인
DT-00131,2024-02-19,EQ-B03,주간,설비고장,2024-02-19 12:08,2024-02-19 13:28,80.0,센서 오작동,B라인
DT-00132,2024-02-19,EQ-B03,야간,설비고장,2024-02-19 04:10,2024-02-19 07:23,193.0,전기 접촉 불량,B라인
DT-00133,2024-02-19,EQ-C01,야간,속도저하,2024-02-19 00:50,2024-02-19 02:12,82.0,소재 경도 편차,C라인
DT-00134,2024-02-19,EQ-C02,주간,속도저하,2024-02-19 11:05,2024-02-19 12:52,107.0,프로그램 미최적화,C라인
DT-00135,2024-02-20,EQ-A04,야간,셋업/조정,2024-02-20 01:37,2024-02-20 02:32,55.0,공구 교체,A라인
DT-00136,2024-02-20,EQ-B03,야간,소정지,2024-02-20 22:46,2024-02-20 22:55,9.0,공구 파손,B라인
DT-00137,2024-02-20,EQ-B03,주간,셋업/조정,2024-02-20 13:27,2024-02-20 14:27,60.0,지그 교체,B라인
DT-00138,2024-02-20,EQ-C04,주간,소정지,2024-02-20 08:26,2024-02-20 08:34,8.0,냉각수 부족,C라인
DT-00139,2024-02-21,EQ-A01,야간,계획정지,2024-02-21 22:27,2024-02-21 23:15,48.0,예방정비,A라인
DT-00140,2024-02-21,EQ-A03,주간,소정지,2024-02-21 15:31,2024-02-21 15:42,11.0,공구 파손,A라인
DT-00141,2024-02-21,EQ-A03,주간,설비고장,2024-02-21 14:13,2024-02-21 15:57,104.0,센서 오작동,A라인
DT-00142,2024-02-21,EQ-C03,주간,설비고장,2024-02-21 09:01,2024-02-21 10:33,92.0,유압 누유,C라인
DT-00143,2024-02-22,EQ-A03,주간,소정지,2024-02-22 15:54,2024-02-22 16:10,16.0,센서 오감지,A라인
DT-00144,2024-02-22,EQ-A04,주간,소정지,2024-02-22 15:29,2024-02-22 15:39,10.0,냉각수 부족,A라인
DT-00145,2024-02-22,EQ-C01,주간,속도저하,2024-02-22 13:40,2024-02-22 14:09,29.0,절삭유 노후,C라인
DT-00146,2024-02-24,EQ-A04,주간,소정지,2024-02-24 14:57,2024-02-24 15:05,8.0,칩 막힘,A라인
DT-00147,2024-02-26,EQ-C02,주간,속도저하,2024-02-26 12:27,2024-02-26 13:13,46.0,프로그램 미최적화,C라인
DT-00148,2024-02-26,EQ-C03,주간,속도저하,2024-02-26 09:39,2024-02-26 11:17,98.0,프로그램 미최적화,C라인
DT-00149,2024-02-26,EQ-C04,야간,초기불량,2024-02-26 22:07,2024-02-26 22:22,15.0,워밍업 미흡,C라인
DT-00150,2024-02-27,EQ-A01,주간,셋업/조정,2024-02-27 13:23,2024-02-27 14:23,60.0,원점 재설정,A라인
DT-00151,2024-02-27,EQ-A03,주간,설비고장,2024-02-27 11:08,2024-02-27 13:25,137.0,센서 오작동,A라인
DT-00152,2024-02-27,EQ-A03,주간,계획정지,2024-02-27 15:47,2024-02-27 16:45,58.0,점검,A라인
DT-00153,2024-02-27,EQ-C03,주간,계획정지,2024-02-27 11:20,2024-02-27 13:00,100.0,금형 예열,C라인
DT-00154,2024-02-28,EQ-A04,야간,셋업/조정,2024-02-28 02:03,2024-02-28 02:24,21.0,프로그램 변경,A라인
DT-00155,2024-02-28,EQ-A04,야간,설비고장,2024-02-28 05:32,2024-02-28 06:36,64.0,유압 누유,A라인
DT-00156,2024-02-28,EQ-B01,야간,소정지,2024-02-28 02:28,2024-02-28 02:35,7.0,칩 막힘,B라인
DT-00157,2024-02-29,EQ-C01,주간,소정지,2024-02-29 15:05,2024-02-29 15:17,12.0,칩 막힘,C라인
DT-00158,2024-02-29,EQ-C03,야간,설비고장,2024-02-29 23:06,2024-03-01 01:11,125.0,베어링 마모,C라인
DT-00159,2024-02-29,EQ-C04,주간,설비고장,2024-02-29 15:09,2024-02-29 18:05,176.0,모터 과열,C라인
DT-00160,2024-03-01,EQ-A01,야간,초기불량,2024-03-01 04:43,2024-03-01 05:23,40.0,워밍업 미흡,A라인
DT-00161,2024-03-01,EQ-A01,야간,소정지,2024-03-01 03:26,2024-03-01 03:40,14.0,소재 걸림,A라인
DT-00162,2024-03-01,EQ-A03,야간,셋업/조정,2024-03-01 01:04,2024-03-01 02:03,59.0,금형 교체,A라인
DT-00163,2024-03-01,EQ-A03,야간,설비고장,2024-03-01 04:37,2024-03-01 06:29,112.0,베어링 마모,A라인
DT-00164,2024-03-01,EQ-A04,야간,셋업/조정,2024-03-01 05:29,2024-03-01 05:47,18.0,프로그램 변경,A라인
DT-00165,2024-03-02,EQ-A01,야간,셋업/조정,2024-03-02 00:50,2024-03-02 01:30,40.0,지그 교체,A라인
DT-00166,2024-03-02,EQ-A04,야간,셋업/조정,2024-03-02 02:49,2024-03-02 03:09,20.0,원점 재설정,A라인
DT-00167,2024-03-02,EQ-B03,야간,초기불량,2024-03-02 02:29,2024-03-02 03:12,43.0,첫 로트 조건 미달,B라인
DT-00168,2024-03-04,EQ-B01,주간,계획정지,2024-03-04 12:11,2024-03-04 14:01,110.0,금형 예열,B라인
DT-00169,2024-03-04,EQ-B02,주간,계획정지,2024-03-04 11:07,2024-03-04 12:37,90.0,점검,B라인
DT-00170,2024-03-05,EQ-A02,주간,설비고장,2024-03-05 15:16,2024-03-05 16:08,52.0,,A라인
DT-00171,2024-03-05,EQ-C02,주간,셋업/조정,2024-03-05 13:22,2024-03-05 13:43,21.0,지그 교체,C라인
DT-00172,2024-03-07,EQ-A03,주간,설비고장,2024-03-07 12:07,2024-03-07 15:06,179.0,,A라인
DT-00173,2024-03-07,EQ-B01,야간,계획정지,2024-03-07 00:29,2024-03-07 01:02,33.0,자재 대기,B라인
DT-00174,2024-03-08,EQ-A02,주간,계획정지,2024-03-08 13:41,2024-03-08 14:14,33.0,점검,A라인
DT-00175,2024-03-08,EQ-A03,야간,속도저하,2024-03-08 00:51,2024-03-08 02:50,119.0,,A라인
DT-00176,2024-03-08,EQ-C03,야간,소정지,2024-03-08 23:46,2024-03-09 00:04,18.0,공구 파손,C라인
DT-00177,2024-03-09,EQ-A01,주간,소정지,2024-03-09 09:19,2024-03-09 09:35,16.0,칩 막힘,A라인
DT-00178,2024-03-09,EQ-A04,주간,설비고장,2024-03-09 15:22,2024-03-09 17:42,140.0,센서 오작동,A라인
DT-00179,2024-03-09,EQ-C01,주간,설비고장,2024-03-09 11:50,2024-03-09 13:22,92.0,모터 과열,C라인
DT-00180,2024-03-09,EQ-C04,주간,계획정지,2024-03-09 08:05,2024-03-09 09:53,108.0,교육/미팅,C라인
DT-00181,2024-03-11,EQ-A01,주간,소정지,2024-03-11 14:12,2024-03-11 14:25,13.0,공구 파손,A라인
DT-00182,2024-03-11,EQ-A03,주간,소정지,2024-03-11 13:25,2024-03-11 13:38,13.0,냉각수 부족,A라인
DT-00183,2024-03-11,EQ-C01,야간,설비고장,2024-03-11 04:23,2024-03-11 06:41,138.0,전기 접촉 불량,C라인
DT-00184,2024-03-12,EQ-C02,야간,설비고장,2024-03-12 02:28,2024-03-12 03:11,43.0,유압 누유,C라인
DT-00185,2024-03-13,EQ-A01,주간,초기불량,2024-03-13 15:47,2024-03-13 16:21,34.0,워밍업 미흡,A라인
DT-00186,2024-03-13,EQ-A03,야간,계획정지,2024-03-13 00:51,2024-03-13 02:22,91.0,자재 대기,A라인
DT-00187,2024-03-13,EQ-A04,야간,속도저하,2024-03-13 00:53,2024-03-13 01:16,23.0,절삭유 노후,A라인
DT-00188,2024-03-13,EQ-C01,주간,소정지,2024-03-13 11:19,2024-03-13 11:34,15.0,칩 막힘,C라인
DT-00189,2024-03-14,EQ-C02,야간,소정지,2024-03-14 23:59,2024-03-15 00:11,12.0,냉각수 부족,C라인
DT-00190,2024-03-14,EQ-C03,주간,계획정지,2024-03-14 08:26,2024-03-14 09:57,91.0,자재 대기,C라인
DT-00191,2024-03-15,EQ-A03,야간,소정지,2024-03-15 00:35,2024-03-15 00:54,19.0,센서 오감지,A라인
DT-00192,2024-03-15,EQ-C02,주간,소정지,2024-03-15 11:11,2024-03-15 11:21,10.0,냉각수 부족,C라인
DT-00193,2024-03-15,EQ-C04,야간,초기불량,2024-03-15 22:52,2024-03-15 23:16,24.0,소재 불량,C라인
DT-00194,2024-03-16,EQ-A01,야간,초기불량,2024-03-16 05:14,2024-03-16 05:25,11.0,소재 불량,A라인
DT-00195,2024-03-16,EQ-A04,주간,설비고장,2024-03-16 12:19,2024-03-16 14:28,129.0,모터 과열,A라인
DT-00196,2024-03-18,EQ-A01,주간,계획정지,2024-03-18 12:26,2024-03-18 13:43,77.0,자재 대기,A라인
DT-00197,2024-03-18,EQ-A02,주간,설비고장,2024-03-18 08:07,2024-03-18 09:56,109.0,스핀들 이상,A라인
DT-00198,2024-03-18,EQ-C04,주간,속도저하,2024-03-18 13:37,2024-03-18 15:23,106.0,절삭유 노후,C라인
DT-00199,2024-03-19,EQ-C02,야간,소정지,2024-03-19 05:44,2024-03-19 05:50,6.0,공구 파손,C라인
DT-00200,2024-03-20,EQ-A02,주간,초기불량,2024-03-20 12:10,2024-03-20 12:45,,소재 불량,A라인
DT-00201,2024-03-20,EQ-A04,야간,소정지,2024-03-20 05:56,2024-03-20 06:11,15.0,소재 걸림,A라인
DT-00202,2024-03-20,EQ-C02,주간,속도저하,2024-03-20 08:17,2024-03-20 09:08,51.0,냉각 부족,C라인
DT-00203,2024-03-20,EQ-C02,주간,셋업/조정,2024-03-20 12:18,2024-03-20 12:39,21.0,프로그램 변경,C라인
DT-00204,2024-03-21,EQ-B01,주간,소정지,2024-03-21 10:48,2024-03-21 10:57,9.0,칩 막힘,B라인
DT-00205,2024-03-22,EQ-A04,야간,설비고장,2024-03-22 03:52,2024-03-22 06:47,175.0,베어링 마모,A라인
DT-00206,2024-03-22,EQ-C03,야간,초기불량,2024-03-22 03:06,2024-03-22 03:33,27.0,소재 불량,C라인
DT-00207,2024-03-23,EQ-A02,주간,소정지,2024-03-23 08:08,2024-03-23 08:25,17.0,센서 오감지,A라인
DT-00208,2024-03-23,EQ-A02,야간,소정지,2024-03-23 04:21,2024-03-23 04:27,6.0,센서 오감지,A라인
DT-00209,2024-03-23,EQ-B02,주간,계획정지,2024-03-23 11:09,2024-03-23 12:59,110.0,점검,B라인
DT-00210,2024-03-23,EQ-C04,주간,소정지,2024-03-23 14:29,2024-03-23 14:43,14.0,소재 걸림,C라인
DT-00211,2024-03-25,EQ-A01,주간,계획정지,2024-03-25 08:30,2024-03-25 10:00,90.0,예방정비,A라인
DT-00212,2024-03-26,EQ-A01,주간,셋업/조정,2024-03-26 15:56,2024-03-26 16:22,26.0,프로그램 변경,A라인
DT-00213,2024-03-26,EQ-A02,야간,계획정지,2024-03-26 00:45,2024-03-26 02:19,94.0,금형 예열,A라인
DT-00214,2024-03-26,EQ-A03,주간,셋업/조정,2024-03-26 10:54,2024-03-26 11:31,37.0,금형 교체,A라인
DT-00215,2024-03-26,EQ-A03,야간,속도저하,2024-03-26 00:13,2024-03-26 01:14,61.0,소재 경도 편차,A라인
DT-00216,2024-03-26,EQ-C02,야간,설비고장,2024-03-26 23:04,2024-03-27 01:43,159.0,모터 과열,C라인
DT-00217,2024-03-27,EQ-B03,야간,설비고장,2024-03-27 22:12,2024-03-28 00:20,128.0,,B라인
DT-00218,2024-03-27,EQ-B04,주간,설비고장,2024-03-27 15:07,2024-03-27 17:34,147.0,스핀들 이상,B라인
DT-00219,2024-03-27,EQ-C01,주간,계획정지,2024-03-27 12:42,2024-03-27 14:36,114.0,예방정비,C라인
DT-00220,2024-03-27,EQ-C01,주간,설비고장,2024-03-27 11:37,2024-03-27 15:23,226.0,모터 과열,C라인
DT-00221,2024-03-27,EQ-C04,야간,계획정지,2024-03-27 22:05,2024-03-27 23:52,107.0,점검,C라인
DT-00222,2024-03-28,EQ-A02,야간,설비고장,2024-03-28 03:22,2024-03-28 07:01,219.0,스핀들 이상,A라인
DT-00223,2024-03-28,EQ-C02,주간,설비고장,2024-03-28 09:06,2024-03-28 12:32,206.0,센서 오작동,C라인
DT-00224,2024-03-28,EQ-C03,주간,초기불량,2024-03-28 11:18,2024-03-28 11:43,25.0,워밍업 미흡,C라인
DT-00225,2024-03-29,EQ-B01,주간,설비고장,2024-03-29 09:59,2024-03-29 10:56,57.0,센서 오작동,B라인
DT-00226,2024-03-29,EQ-C03,야간,설비고장,2024-03-29 03:44,2024-03-29 06:30,166.0,센서 오작동,C라인
DT-00227,2024-03-30,EQ-A02,주간,소정지,2024-03-30 10:53,2024-03-30 11:00,7.0,공구 파손,A라인
DT-00228,2024-03-30,EQ-A04,야간,셋업/조정,2024-03-30 01:32,2024-03-30 02:04,32.0,원점 재설정,A라인
DT-00229,2024-03-30,EQ-A04,야간,설비고장,2024-03-30 23:29,2024-03-31 00:09,40.0,모터 과열,A라인
DT-00230,2024-03-30,EQ-B02,야간,설비고장,2024-03-30 03:45,2024-03-30 06:57,192.0,베어링 마모,B라인
DT-00231,2024-03-30,EQ-C02,주간,셋업/조정,2024-03-30 13:31,2024-03-30 14:29,58.0,금형 교체,C라인
DT-00232,2024-04-01,EQ-A01,야간,설비고장,2024-04-01 02:43,2024-04-01 04:31,108.0,유압 누유,A라인
DT-00233,2024-04-01,EQ-A02,주간,계획정지,2024-04-01 14:18,2024-04-01 15:47,89.0,자재 대기,A라인
DT-00234,2024-04-01,EQ-B02,주간,계획정지,2024-04-01 09:57,2024-04-01 11:03,66.0,자재 대기,B라인
DT-00235,2024-04-02,EQ-A03,야간,초기불량,2024-04-02 00:00,2024-04-02 00:25,25.0,측정 오차,A라인
DT-00236,2024-04-02,EQ-C03,주간,계획정지,2024-04-02 14:28,2024-04-02 15:22,54.0,자재 대기,C라인
DT-00237,2024-04-03,EQ-A03,주간,소정지,2024-04-03 10:25,2024-04-03 10:30,5.0,칩 막힘,A라인
DT-00238,2024-04-04,EQ-A02,주간,셋업/조정,2024-04-04 10:04,2024-04-04 10:57,53.0,공구 교체,A라인
DT-00239,2024-04-04,EQ-A03,야간,셋업/조정,2024-04-04 01:38,2024-04-04 02:13,35.0,지그 교체,A라인
DT-00240,2024-04-04,EQ-A03,주간,초기불량,2024-04-04 11:53,2024-04-04 12:06,13.0,측정 오차,A라인
DT-00241,2024-04-04,EQ-A03,야간,셋업/조정,2024-04-04 02:48,2024-04-04 03:32,44.0,원점 재설정,A라인
DT-00242,2024-04-04,EQ-B04,야간,속도저하,2024-04-04 05:42,2024-04-04 06:32,50.0,절삭유 노후,B라인
DT-00243,2024-04-05,EQ-A02,야간,소정지,2024-04-05 02:09,2024-04-05 02:20,11.0,공구 파손,A라인
DT-00244,2024-04-05,EQ-A02,주간,속도저하,2024-04-05 12:31,2024-04-05 13:32,61.0,공구 마모,A라인
DT-00245,2024-04-06,EQ-C01,주간,소정지,2024-04-06 09:47,2024-04-06 09:55,8.0,소재 걸림,C라인
DT-00246,2024-04-08,EQ-A01,야간,설비고장,2024-04-08 22:11,2024-04-09 00:15,124.0,모터 과열,A라인
DT-00247,2024-04-08,EQ-A03,주간,셋업/조정,2024-04-08 12:39,2024-04-08 13:01,22.0,프로그램 변경,A라인
DT-00248,2024-04-08,EQ-C04,야간,소정지,2024-04-08 05:12,2024-04-08 05:26,14.0,칩 막힘,C라인
DT-00249,2024-04-09,EQ-A03,야간,셋업/조정,2024-04-09 02:34,2024-04-09 03:00,26.0,원점 재설정,A라인
DT-00250,2024-04-09,EQ-C03,주간,셋업/조정,2024-04-09 08:27,2024-04-09 08:42,15.0,공구 교체,C라인
DT-00251,2024-04-09,EQ-C04,야간,초기불량,2024-04-09 05:20,2024-04-09 05:43,23.0,워밍업 미흡,C라인
DT-00252,2024-04-10,EQ-A01,야간,초기불량,2024-04-10 22:02,2024-04-10 22:47,45.0,측정 오차,A라인
DT-00253,2024-04-10,EQ-A03,야간,설비고장,2024-04-10 00:31,2024-04-10 02:21,110.0,스핀들 이상,A라인
DT-00254,2024-04-10,EQ-A03,야간,셋업/조정,2024-04-10 05:48,2024-04-10 06:38,50.0,프로그램 변경,A라인
DT-00255,2024-04-10,EQ-B04,야간,설비고장,2024-04-10 05:30,2024-04-10 08:21,171.0,스핀들 이상,B라인
DT-00256,2024-04-11,EQ-A03,주간,소정지,2024-04-11 14:16,2024-04-11 14:33,17.0,소재 걸림,A라인
DT-00257,2024-04-12,EQ-A01,야간,소정지,2024-04-12 02:20,2024-04-12 02:29,9.0,공구 파손,A라인
DT-00258,2024-04-12,EQ-A03,주간,설비고장,2024-04-12 10:53,2024-04-12 12:51,118.0,센서 오작동,A라인
DT-00259,2024-04-12,EQ-A03,주간,셋업/조정,2024-04-12 13:24,2024-04-12 13:54,30.0,공구 교체,A라인
DT-00260,2024-04-12,EQ-A04,야간,설비고장,2024-04-12 04:22,2024-04-12 07:46,204.0,유압 누유,A라인
DT-00261,2024-04-12,EQ-C02,주간,설비고장,2024-04-12 11:41,2024-04-12 14:44,183.0,베어링 마모,C라인
DT-00262,2024-04-13,EQ-A01,주간,셋업/조정,2024-04-13 12:07,2024-04-13 13:05,58.0,금형 교체,A라인
DT-00263,2024-04-13,EQ-C02,야간,셋업/조정,2024-04-13 22:29,2024-04-13 22:53,24.0,금형 교체,C라인
DT-00264,2024-04-15,EQ-A02,야간,속도저하,2024-04-15 02:01,2024-04-15 02:55,54.0,절삭유 노후,A라인
DT-00265,2024-04-15,EQ-A03,주간,속도저하,2024-04-15 13:24,2024-04-15 14:57,93.0,프로그램 미최적화,A라인
DT-00266,2024-04-15,EQ-A03,주간,소정지,2024-04-15 15:06,2024-04-15 15:22,16.0,센서 오감지,A라인
DT-00267,2024-04-16,EQ-A03,야간,속도저하,2024-04-16 05:32,2024-04-16 06:32,60.0,소재 경도 편차,A라인
DT-00268,2024-04-17,EQ-A02,주간,초기불량,2024-04-17 12:23,2024-04-17 12:51,28.0,소재 불량,A라인
DT-00269,2024-04-17,EQ-C04,야간,계획정지,2024-04-17 23:53,2024-04-18 01:47,114.0,점검,C라인
DT-00270,2024-04-18,EQ-A04,야간,초기불량,2024-04-18 02:03,2024-04-18 02:27,24.0,첫 로트 조건 미달,A라인
DT-00271,2024-04-19,EQ-A02,야간,셋업/조정,2024-04-19 01:39,2024-04-19 02:08,29.0,공구 교체,A라인
DT-00272,2024-04-19,EQ-A02,주간,속도저하,2024-04-19 13:17,2024-04-19 14:53,96.0,공구 마모,A라인
DT-00273,2024-04-19,EQ-A02,야간,설비고장,2024-04-19 04:13,2024-04-19 06:50,157.0,센서 오작동,A라인
DT-00274,2024-04-19,EQ-A03,야간,셋업/조정,2024-04-19 02:27,2024-04-19 02:57,30.0,금형 교체,A라인
DT-00275,2024-04-19,EQ-C04,주간,속도저하,2024-04-19 14:25,2024-04-19 15:48,83.0,냉각 부족,C라인
DT-00276,2024-04-20,EQ-B03,야간,셋업/조정,2024-04-20 00:56,2024-04-20 01:55,59.0,공구 교체,B라인
DT-00277,2024-04-22,EQ-A01,주간,설비고장,2024-04-22 15:13,2024-04-22 16:42,89.0,스핀들 이상,A라인
DT-00278,2024-04-22,EQ-B02,야간,속도저하,2024-04-22 04:59,2024-04-22 06:57,118.0,절삭유 노후,B라인
DT-00279,2024-04-22,EQ-C02,주간,소정지,2024-04-22 13:29,2024-04-22 13:36,7.0,칩 막힘,C라인
DT-00280,2024-04-22,EQ-C03,야간,설비고장,2024-04-22 04:26,2024-04-22 08:16,230.0,베어링 마모,C라인
DT-00281,2024-04-23,EQ-A02,주간,셋업/조정,2024-04-23 14:17,2024-04-23 14:52,35.0,금형 교체,A라인
DT-00282,2024-04-23,EQ-C03,야간,초기불량,2024-04-23 01:25,2024-04-23 01:56,31.0,첫 로트 조건 미달,C라인
DT-00283,2024-04-24,EQ-A01,주간,설비고장,2024-04-24 08:15,2024-04-24 12:09,234.0,베어링 마모,A라인
DT-00284,2024-04-24,EQ-A01,야간,속도저하,2024-04-24 05:35,2024-04-24 06:28,53.0,냉각 부족,A라인
DT-00285,2024-04-24,EQ-A04,주간,계획정지,2024-04-24 11:10,2024-04-24 12:59,109.0,자재 대기,A라인
DT-00286,2024-04-24,EQ-B01,야간,셋업/조정,2024-04-24 02:42,2024-04-24 03:39,57.0,금형 교체,B라인
DT-00287,2024-04-25,EQ-A02,야간,소정지,2024-04-25 22:03,2024-04-25 22:17,14.0,칩 막힘,A라인
DT-00288,2024-04-25,EQ-A03,야간,초기불량,2024-04-25 02:55,2024-04-25 03:12,17.0,워밍업 미흡,A라인
DT-00289,2024-04-25,EQ-A04,야간,설비고장,2024-04-25 23:25,2024-04-26 00:23,58.0,전기 접촉 불량,A라인
DT-00290,2024-04-25,EQ-C04,주간,계획정지,2024-04-25 09:36,2024-04-25 11:10,94.0,점검,C라인
DT-00291,2024-04-26,EQ-A01,야간,속도저하,2024-04-26 05:56,2024-04-26 06:18,22.0,공구 마모,A라인
DT-00292,2024-04-26,EQ-A02,주간,설비고장,2024-04-26 13:21,2024-04-26 14:58,97.0,센서 오작동,A라인
DT-00293,2024-04-26,EQ-B01,주간,초기불량,2024-04-26 14:13,2024-04-26 14:57,44.0,측정 오차,B라인
DT-00294,2024-04-27,EQ-A03,주간,설비고장,2024-04-27 12:28,2024-04-27 14:36,128.0,베어링 마모,A라인
DT-00295,2024-04-27,EQ-B03,주간,셋업/조정,2024-04-27 15:34,2024-04-27 16:01,27.0,공구 교체,B라인
DT-00296,2024-04-29,EQ-A03,야간,셋업/조정,2024-04-29 04:30,2024-04-29 05:17,47.0,금형 교체,A라인
DT-00297,2024-04-29,EQ-A03,주간,속도저하,2024-04-29 13:30,2024-04-29 13:54,24.0,냉각 부족,A라인
DT-00298,2024-04-29,EQ-B03,주간,속도저하,2024-04-29 08:53,2024-04-29 09:28,35.0,냉각 부족,B라인
DT-00299,2024-04-29,EQ-C01,주간,속도저하,2024-04-29 12:35,2024-04-29 14:10,95.0,공구 마모,C라인
DT-00300,2024-04-30,EQ-A03,주간,셋업/조정,2024-04-30 11:54,2024-04-30 12:12,18.0,프로그램 변경,A라인
DT-00301,2024-04-30,EQ-C01,야간,셋업/조정,2024-04-30 02:19,2024-04-30 02:52,33.0,금형 교체,C라인
DT-00302,2024-05-01,EQ-B04,야간,설비고장,2024-05-01 01:55,2024-05-01 05:25,210.0,,B라인
DT-00303,2024-05-03,EQ-B02,야간,초기불량,2024-05-03 04:50,2024-05-03 05:18,28.0,측정 오차,B라인
DT-00304,2024-05-04,EQ-B02,야간,설비고장,2024-05-04 05:47,2024-05-04 07:49,122.0,모터 과열,B라인
DT-00305,2024-05-06,EQ-B01,야간,셋업/조정,2024-05-06 23:52,2024-05-07 00:26,34.0,프로그램 변경,B라인
DT-00306,2024-05-06,EQ-B02,주간,설비고장,2024-05-06 13:26,2024-05-06 15:56,150.0,유압 누유,B라인
DT-00307,2024-05-06,EQ-C01,야간,소정지,2024-05-06 05:44,2024-05-06 06:02,18.0,냉각수 부족,C라인
DT-00308,2024-05-06,EQ-C01,주간,설비고장,2024-05-06 15:50,2024-05-06 16:47,57.0,모터 과열,C라인
DT-00309,2024-05-06,EQ-C03,야간,소정지,2024-05-06 01:40,2024-05-06 02:00,20.0,칩 막힘,C라인
DT-00310,2024-05-06,EQ-C04,주간,셋업/조정,2024-05-06 09:10,2024-05-06 09:54,44.0,공구 교체,C라인
DT-00311,2024-05-07,EQ-A02,주간,설비고장,2024-05-07 14:50,2024-05-07 15:33,43.0,스핀들 이상,A라인
DT-00312,2024-05-07,EQ-A03,야간,계획정지,2024-05-07 00:16,2024-05-07 01:07,51.0,자재 대기,A라인
DT-00313,2024-05-08,EQ-A03,야간,설비고장,2024-05-08 02:12,2024-05-08 03:24,72.0,센서 오작동,A라인
DT-00314,2024-05-08,EQ-B01,주간,설비고장,2024-05-08 14:56,2024-05-08 17:54,178.0,유압 누유,B라인
DT-00315,2024-05-09,EQ-A03,주간,셋업/조정,2024-05-09 08:01,2024-05-09 08:49,48.0,공구 교체,A라인
DT-00316,2024-05-09,EQ-B03,주간,계획정지,2024-05-09 09:29,2024-05-09 10:57,88.0,금형 예열,B라인
DT-00317,2024-05-10,EQ-A03,주간,설비고장,2024-05-10 08:25,2024-05-10 12:04,219.0,스핀들 이상,A라인
DT-00318,2024-05-10,EQ-A04,야간,소정지,2024-05-10 00:05,2024-05-10 00:10,5.0,냉각수 부족,A라인
DT-00319,2024-05-10,EQ-B03,주간,계획정지,2024-05-10 08:45,2024-05-10 10:16,91.0,점검,B라인
DT-00320,2024-05-10,EQ-C01,야간,소정지,2024-05-10 23:14,2024-05-10 23:26,12.0,공구 파손,C라인
DT-00321,2024-05-10,EQ-C03,야간,속도저하,2024-05-10 02:47,2024-05-10 04:08,81.0,소재 경도 편차,C라인
DT-00322,2024-05-11,EQ-A01,야간,소정지,2024-05-11 01:38,2024-05-11 01:50,12.0,소재 걸림,A라인
DT-00323,2024-05-11,EQ-A03,주간,설비고장,2024-05-11 14:11,2024-05-11 17:48,217.0,유압 누유,A라인
DT-00324,2024-05-11,EQ-A04,주간,셋업/조정,2024-05-11 12:16,2024-05-11 13:07,51.0,지그 교체,A라인
DT-00325,2024-05-11,EQ-B02,주간,설비고장,2024-05-11 13:37,2024-05-11 17:34,237.0,전기 접촉 불량,B라인
DT-00326,2024-05-13,EQ-A02,주간,속도저하,2024-05-13 08:30,2024-05-13 09:41,71.0,절삭유 노후,A라인
DT-00327,2024-05-13,EQ-A02,야간,설비고장,2024-05-13 01:45,2024-05-13 02:49,64.0,유압 누유,A라인
DT-00328,2024-05-13,EQ-B03,야간,셋업/조정,2024-05-13 23:06,2024-05-13 23:31,25.0,원점 재설정,B라인
DT-00329,2024-05-13,EQ-C02,야간,소정지,2024-05-13 01:30,2024-05-13 01:47,17.0,칩 막힘,C라인
DT-00330,2024-05-13,EQ-C03,주간,계획정지,2024-05-13 08:16,2024-05-13 09:02,46.0,금형 예열,C라인
DT-00331,2024-05-14,EQ-A03,야간,소정지,2024-05-14 04:42,2024-05-14 04:50,8.0,공구 파손,A라인
DT-00332,2024-05-14,EQ-B01,주간,셋업/조정,2024-05-14 10:16,2024-05-14 10:55,39.0,공구 교체,B라인
DT-00333,2024-05-14,EQ-B03,야간,설비고장,2024-05-14 05:08,2024-05-14 05:40,32.0,전기 접촉 불량,B라인
DT-00334,2024-05-15,EQ-A02,야간,설비고장,2024-05-15 00:16,2024-05-15 03:47,211.0,스핀들 이상,A라인
DT-00335,2024-05-15,EQ-C03,주간,설비고장,2024-05-15 15:55,2024-05-15 19:33,218.0,모터 과열,C라인
DT-00336,2024-05-16,EQ-A01,야간,계획정지,2024-05-16 04:18,2024-05-16 06:18,120.0,교육/미팅,A라인
DT-00337,2024-05-18,EQ-A04,야간,계획정지,2024-05-18 03:27,2024-05-18 05:25,118.0,교육/미팅,A라인
DT-00338,2024-05-18,EQ-A04,야간,초기불량,2024-05-18 00:35,2024-05-18 01:01,26.0,,A라인
DT-00339,2024-05-20,EQ-C04,주간,초기불량,2024-05-20 11:09,2024-05-20 11:47,38.0,측정 오차,C라인
DT-00340,2024-05-21,EQ-A01,주간,설비고장,2024-05-21 15:16,2024-05-21 16:52,96.0,베어링 마모,A라인
DT-00341,2024-05-21,EQ-B01,야간,설비고장,2024-05-21 23:57,2024-05-22 01:38,101.0,전기 접촉 불량,B라인
DT-00342,2024-05-21,EQ-C01,야간,계획정지,2024-05-21 03:45,2024-05-21 04:30,45.0,예방정비,C라인
DT-00343,2024-05-21,EQ-C03,야간,소정지,2024-05-21 23:54,2024-05-22 00:02,8.0,공구 파손,C라인
DT-00344,2024-05-22,EQ-A01,주간,속도저하,2024-05-22 13:05,2024-05-22 13:36,31.0,소재 경도 편차,A라인
DT-00345,2024-05-22,EQ-A03,주간,설비고장,2024-05-22 10:47,2024-05-22 13:39,172.0,유압 누유,A라인
DT-00346,2024-05-22,EQ-C03,주간,소정지,2024-05-22 08:33,2024-05-22 08:38,5.0,센서 오감지,C라인
DT-00347,2024-05-23,EQ-A03,야간,속도저하,2024-05-23 23:15,2024-05-24 00:22,67.0,소재 경도 편차,A라인
DT-00348,2024-05-23,EQ-C01,야간,속도저하,2024-05-23 22:18,2024-05-24 00:12,114.0,공구 마모,C라인
DT-00349,2024-05-23,EQ-C03,야간,속도저하,2024-05-23 03:37,2024-05-23 05:02,85.0,공구 마모,C라인
DT-00350,2024-05-24,EQ-A02,야간,계획정지,2024-05-24 00:01,2024-05-24 00:45,44.0,예방정비,A라인
DT-00351,2024-05-24,EQ-A03,야간,설비고장,2024-05-24 05:40,2024-05-24 06:29,49.0,스핀들 이상,A라인
DT-00352,2024-05-24,EQ-A03,주간,계획정지,2024-05-24 13:02,2024-05-24 14:38,96.0,금형 예열,A라인
DT-00353,2024-05-24,EQ-B02,야간,속도저하,2024-05-24 00:13,2024-05-24 00:34,21.0,절삭유 노후,B라인
DT-00354,2024-05-24,EQ-B02,야간,초기불량,2024-05-24 22:47,2024-05-24 23:00,13.0,소재 불량,B라인
DT-00355,2024-05-24,EQ-C02,야간,설비고장,2024-05-24 23:25,2024-05-25 01:47,142.0,센서 오작동,C라인
DT-00356,2024-05-25,EQ-A04,야간,셋업/조정,2024-05-25 23:01,2024-05-25 23:33,32.0,지그 교체,A라인
DT-00357,2024-05-27,EQ-A02,야간,초기불량,2024-05-27 04:18,2024-05-27 04:45,27.0,첫 로트 조건 미달,A라인
DT-00358,2024-05-27,EQ-A04,주간,소정지,2024-05-27 12:31,2024-05-27 12:51,20.0,소재 걸림,A라인
DT-00359,2024-05-28,EQ-A01,주간,초기불량,2024-05-28 13:42,2024-05-28 14:21,39.0,소재 불량,A라인
DT-00360,2024-05-28,EQ-A01,주간,설비고장,2024-05-28 15:28,2024-05-28 19:14,226.0,유압 누유,A라인
DT-00361,2024-05-28,EQ-C01,야간,초기불량,2024-05-28 04:05,2024-05-28 04:29,24.0,측정 오차,C라인
DT-00362,2024-05-29,EQ-A01,주간,속도저하,2024-05-29 14:40,2024-05-29 16:27,107.0,냉각 부족,A라인
DT-00363,2024-05-29,EQ-A01,야간,셋업/조정,2024-05-29 05:43,2024-05-29 06:19,36.0,금형 교체,A라인
DT-00364,2024-05-29,EQ-A02,주간,설비고장,2024-05-29 15:33,2024-05-29 17:34,121.0,스핀들 이상,A라인
DT-00365,2024-05-29,EQ-A04,주간,소정지,2024-05-29 12:29,2024-05-29 12:35,6.0,냉각수 부족,A라인
DT-00366,2024-05-29,EQ-A04,야간,셋업/조정,2024-05-29 00:08,2024-05-29 00:32,24.0,원점 재설정,A라인
DT-00367,2024-05-30,EQ-A01,주간,속도저하,2024-05-30 14:18,2024-05-30 15:13,55.0,냉각 부족,A라인
DT-00368,2024-05-30,EQ-B04,주간,소정지,2024-05-30 08:32,2024-05-30 08:52,20.0,냉각수 부족,B라인
DT-00369,2024-05-30,EQ-C02,야간,설비고장,2024-05-30 23:29,2024-05-31 00:49,80.0,전기 접촉 불량,C라인
DT-00370,2024-05-31,EQ-B04,야간,속도저하,2024-05-31 03:16,2024-05-31 03:55,39.0,프로그램 미최적화,B라인
DT-00371,2024-06-01,EQ-A03,주간,소정지,2024-06-01 09:47,2024-06-01 10:07,20.0,냉각수 부족,A라인
DT-00372,2024-06-01,EQ-B04,주간,속도저하,2024-06-01 14:02,2024-06-01 14:28,26.0,소재 경도 편차,B라인
DT-00373,2024-06-04,EQ-A01,야간,설비고장,2024-06-04 03:37,2024-06-04 07:17,220.0,스핀들 이상,A라인
DT-00374,2024-06-04,EQ-C01,야간,속도저하,2024-06-04 03:58,2024-06-04 05:39,101.0,절삭유 노후,C라인
DT-00375,2024-06-05,EQ-A03,주간,초기불량,2024-06-05 10:05,2024-06-05 10:18,13.0,첫 로트 조건 미달,A라인
DT-00376,2024-06-05,EQ-C03,야간,속도저하,2024-06-05 23:27,2024-06-06 01:12,105.0,프로그램 미최적화,C라인
DT-00377,2024-06-06,EQ-A02,야간,소정지,2024-06-06 23:00,2024-06-06 23:10,10.0,칩 막힘,A라인
DT-00378,2024-06-06,EQ-B03,야간,설비고장,2024-06-06 04:55,2024-06-06 07:10,135.0,전기 접촉 불량,B라인
DT-00379,2024-06-07,EQ-A01,야간,속도저하,2024-06-07 02:39,2024-06-07 04:18,99.0,프로그램 미최적화,A라인
DT-00380,2024-06-07,EQ-A03,야간,초기불량,2024-06-07 02:05,2024-06-07 02:49,,소재 불량,A라인
DT-00381,2024-06-07,EQ-A04,주간,설비고장,2024-06-07 09:52,2024-06-07 11:57,125.0,모터 과열,A라인
DT-00382,2024-06-07,EQ-A04,주간,설비고장,2024-06-07 11:30,2024-06-07 12:40,70.0,베어링 마모,A라인
DT-00383,2024-06-07,EQ-C02,야간,소정지,2024-06-07 01:05,2024-06-07 01:21,16.0,소재 걸림,C라인
DT-00384,2024-06-07,EQ-C04,주간,셋업/조정,2024-06-07 15:27,2024-06-07 16:26,59.0,원점 재설정,C라인
DT-00385,2024-06-08,EQ-A03,주간,설비고장,2024-06-08 15:31,2024-06-08 17:19,108.0,베어링 마모,A라인
DT-00386,2024-06-08,EQ-A03,주간,소정지,2024-06-08 11:18,2024-06-08 11:28,10.0,공구 파손,A라인
DT-00387,2024-06-10,EQ-A02,주간,소정지,2024-06-10 13:00,2024-06-10 13:18,18.0,공구 파손,A라인
DT-00388,2024-06-10,EQ-A03,야간,설비고장,2024-06-10 04:54,2024-06-10 06:50,116.0,스핀들 이상,A라인
DT-00389,2024-06-10,EQ-A03,야간,소정지,2024-06-10 22:31,2024-06-10 22:42,11.0,냉각수 부족,A라인
DT-00390,2024-06-10,EQ-C01,야간,셋업/조정,2024-06-10 01:45,2024-06-10 02:19,34.0,공구 교체,C라인
DT-00391,2024-06-11,EQ-A03,야간,설비고장,2024-06-11 03:35,2024-06-11 06:41,186.0,모터 과열,A라인
DT-00392,2024-06-11,EQ-C04,야간,설비고장,2024-06-11 05:07,2024-06-11 06:34,87.0,스핀들 이상,C라인
DT-00393,2024-06-12,EQ-C02,야간,소정지,2024-06-12 04:01,2024-06-12 04:15,14.0,센서 오감지,C라인
DT-00394,2024-06-12,EQ-C02,주간,설비고장,2024-06-12 15:22,2024-06-12 17:00,98.0,스핀들 이상,C라인
DT-00395,2024-06-13,EQ-A01,주간,셋업/조정,2024-06-13 13:58,2024-06-13 14:41,43.0,공구 교체,A라인
DT-00396,2024-06-13,EQ-A04,주간,소정지,2024-06-13 12:46,2024-06-13 13:02,16.0,공구 파손,A라인
DT-00397,2024-06-13,EQ-B03,야간,속도저하,2024-06-13 05:51,2024-06-13 07:18,87.0,절삭유 노후,B라인
DT-00398,2024-06-13,EQ-C03,주간,계획정지,2024-06-13 12:44,2024-06-13 13:49,65.0,점검,C라인
DT-00399,2024-06-15,EQ-B02,주간,속도저하,2024-06-15 10:12,2024-06-15 11:30,78.0,절삭유 노후,B라인
DT-00400,2024-06-17,EQ-A04,주간,설비고장,2024-06-17 14:31,2024-06-17 16:43,132.0,전기 접촉 불량,A라인
DT-00401,2024-06-17,EQ-C02,주간,셋업/조정,2024-06-17 08:22,2024-06-17 09:17,55.0,지그 교체,C라인
DT-00402,2024-06-18,EQ-B04,주간,초기불량,2024-06-18 10:52,2024-06-18 11:31,39.0,소재 불량,B라인
DT-00403,2024-06-19,EQ-A02,주간,초기불량,2024-06-19 13:27,2024-06-19 14:08,41.0,워밍업 미흡,A라인
DT-00404,2024-06-19,EQ-A02,주간,설비고장,2024-06-19 11:31,2024-06-19 12:27,56.0,,A라인
DT-00405,2024-06-19,EQ-A02,야간,셋업/조정,2024-06-19 22:49,2024-06-19 23:29,40.0,프로그램 변경,A라인
DT-00406,2024-06-19,EQ-A04,주간,초기불량,2024-06-19 09:45,2024-06-19 09:56,11.0,소재 불량,A라인
DT-00407,2024-06-19,EQ-B03,야간,설비고장,2024-06-19 23:06,2024-06-20 02:38,212.0,전기 접촉 불량,B라인
DT-00408,2024-06-20,EQ-A01,주간,속도저하,2024-06-20 08:32,2024-06-20 10:10,98.0,프로그램 미최적화,A라인
DT-00409,2024-06-20,EQ-A04,주간,설비고장,2024-06-20 11:58,2024-06-20 15:48,230.0,스핀들 이상,A라인
DT-00410,2024-06-20,EQ-B02,야간,셋업/조정,2024-06-20 05:46,2024-06-20 06:22,36.0,프로그램 변경,B라인
DT-00411,2024-06-20,EQ-C02,야간,초기불량,2024-06-20 03:52,2024-06-20 04:35,43.0,첫 로트 조건 미달,C라인
DT-00412,2024-06-20,EQ-C02,야간,설비고장,2024-06-20 04:49,2024-06-20 06:07,78.0,,C라인
DT-00413,2024-06-20,EQ-C04,야간,속도저하,2024-06-20 03:18,2024-06-20 05:17,119.0,소재 경도 편차,C라인
DT-00414,2024-06-21,EQ-A03,야간,소정지,2024-06-21 03:45,2024-06-21 04:04,19.0,칩 막힘,A라인
DT-00415,2024-06-21,EQ-C01,주간,속도저하,2024-06-21 10:48,2024-06-21 11:47,59.0,냉각 부족,C라인
DT-00416,2024-06-22,EQ-A01,주간,속도저하,2024-06-22 10:51,2024-06-22 11:54,63.0,절삭유 노후,A라인
DT-00417,2024-06-22,EQ-A03,야간,셋업/조정,2024-06-22 03:01,2024-06-22 03:38,37.0,원점 재설정,A라인
DT-00418,2024-06-22,EQ-A04,주간,셋업/조정,2024-06-22 09:21,2024-06-22 09:41,20.0,금형 교체,A라인
DT-00419,2024-06-24,EQ-A02,야간,셋업/조정,2024-06-24 22:25,2024-06-24 23:19,54.0,지그 교체,A라인
DT-00420,2024-06-24,EQ-A03,주간,속도저하,2024-06-24 12:26,2024-06-24 13:13,47.0,소재 경도 편차,A라인
DT-00421,2024-06-25,EQ-A01,야간,셋업/조정,2024-06-25 03:58,2024-06-25 04:19,21.0,공구 교체,A라인
DT-00422,2024-06-26,EQ-C03,주간,셋업/조정,2024-06-26 14:28,2024-06-26 14:54,26.0,프로그램 변경,C라인
DT-00423,2024-06-27,EQ-B04,야간,소정지,2024-06-27 03:56,2024-06-27 04:09,13.0,냉각수 부족,B라인
DT-00424,2024-06-28,EQ-A04,주간,초기불량,2024-06-28 12:05,2024-06-28 12:18,13.0,측정 오차,A라인
DT-00425,2024-06-28,EQ-B01,야간,설비고장,2024-06-28 00:33,2024-06-28 01:11,38.0,유압 누유,B라인
DT-00426,2024-06-29,EQ-B04,주간,계획정지,2024-06-29 09:32,2024-06-29 11:15,,교육/미팅,B라인
DT-00427,2024-06-29,EQ-C01,야간,소정지,2024-06-29 00:01,2024-06-29 00:12,11.0,냉각수 부족,C라인
