energy_id,equipment_id,measurement_time,power_consumption,peak_load,average_load,power_factor,operating_hours,idle_hours,production_quantity,energy_per_unit,created_at
1,INJ-001,2024-01-01 23:59:59,351.9375,20.56,12.47,0.8775,3.19,20.81,159,2.2134,2026-01-30 00:46:51
2,INJ-002,2024-01-01 23:59:59,305.5992,16.95,9.94,0.9177,10.75,13.25,486,0.6288,2026-01-30 00:46:51
3,PRESS-001,2024-01-01 23:59:59,491.3111,37.43,21.37,0.8922,8.25,15.75,392,1.2533,2026-01-30 00:46:51
4,PRESS-002,2024-01-01 23:59:59,465.7833,28.15,18.8,0.9005,11.89,12.11,639,0.7289,2026-01-30 00:46:51
5,ASM-001,2024-01-01 23:59:59,191.0444,6.14,4.12,0.915,8.33,15.67,343,0.557,2026-01-30 00:46:51
6,INJ-001,2024-01-02 23:59:59,333.9542,20.32,12.14,0.9089,9.1,14.9,442,0.7556,2026-01-30 00:46:51
7,INJ-002,2024-01-02 23:59:59,313.7808,17.41,10.25,0.9306,9.73,14.27,453,0.6927,2026-01-30 00:46:51
8,PRESS-001,2024-01-02 23:59:59,546.2611,44.46,25.21,0.8655,12.71,11.29,712,0.7672,2026-01-30 00:46:51
9,PRESS-002,2024-01-02 23:59:59,454.4667,32.84,17.73,0.8593,11.23,12.77,569,0.7987,2026-01-30 00:46:51
10,ASM-001,2024-01-02 23:59:59,208.9278,6.69,3.96,0.9104,5.15,18.85,204,1.0242,2026-01-30 00:46:51
11,INJ-001,2024-01-03 23:59:59,375.3667,37.53,19.53,0.9036,3.39,20.61,265,1.4165,2026-01-30 00:46:51
12,INJ-002,2024-01-03 23:59:59,306.1725,19.01,10.16,0.9052,11.11,12.89,513,0.5968,2026-01-30 00:46:51
13,PRESS-001,2024-01-03 23:59:59,514.7667,46.84,24.71,0.9362,7.37,16.63,405,1.271,2026-01-30 00:46:51
14,PRESS-002,2024-01-03 23:59:59,476.1,35.73,19.55,0.8546,8.58,15.42,479,0.9939,2026-01-30 00:46:51
15,ASM-001,2024-01-03 23:59:59,224.7472,8.71,5.49,0.858,3.39,20.61,186,1.2083,2026-01-30 00:46:51
16,INJ-001,2024-01-04 23:59:59,343.55,20.02,13.04,0.8778,8.41,15.59,439,0.7826,2026-01-30 00:46:51
17,INJ-002,2024-01-04 23:59:59,328.7875,19.55,11.18,0.887,8.17,15.83,415,0.7923,2026-01-30 00:46:51
18,PRESS-001,2024-01-04 23:59:59,498.9389,33.47,21.29,0.9437,14.67,9.33,694,0.7189,2026-01-30 00:46:51
19,PRESS-002,2024-01-04 23:59:59,444.2833,29.82,16.33,0.8671,9.73,14.27,454,0.9786,2026-01-30 00:46:51
20,ASM-001,2024-01-04 23:59:59,178.9639,6.34,3.68,0.8879,9.66,14.34,356,0.5027,2026-01-30 00:46:51
21,INJ-001,2024-01-05 23:59:59,324.7542,22.14,11.29,0.9057,9.5,14.5,429,0.757,2026-01-30 00:46:51
22,INJ-002,2024-01-05 23:59:59,332.79,22.15,11.6,0.9276,8.0,16.0,422,0.7886,2026-01-30 00:46:51
23,PRESS-001,2024-01-05 23:59:59,496.4667,31.87,21.04,0.8815,15.8,8.2,739,0.6718,2026-01-30 00:46:51
24,PRESS-002,2024-01-05 23:59:59,477.7167,31.13,19.75,0.9443,9.0,15.0,508,0.9404,2026-01-30 00:46:51
25,ASM-001,2024-01-05 23:59:59,219.1194,9.57,5.26,0.9155,4.41,19.59,232,0.9445,2026-01-30 00:46:51
26,INJ-001,2024-01-06 23:59:59,345.1083,18.86,13.3,0.9415,8.74,15.26,465,0.7422,2026-01-30 00:46:51
27,INJ-002,2024-01-06 23:59:59,321.1267,16.16,11.24,0.8765,10.34,13.66,528,0.6082,2026-01-30 00:46:51
28,PRESS-001,2024-01-06 23:59:59,522.3611,34.73,25.28,0.9061,8.03,15.97,451,1.1582,2026-01-30 00:46:51
29,PRESS-002,2024-01-06 23:59:59,437.2278,23.21,16.83,0.9085,13.5,10.5,649,0.6737,2026-01-30 00:46:51
30,ASM-001,2024-01-06 23:59:59,187.5917,6.89,4.39,0.8899,9.34,14.66,410,0.4575,2026-01-30 00:46:51
31,INJ-001,2024-01-07 23:59:59,344.9542,18.4,13.47,0.9498,9.84,14.16,530,0.6509,2026-01-30 00:46:51
32,INJ-002,2024-01-07 23:59:59,304.6117,16.58,11.41,0.8591,15.44,8.56,801,0.3803,2026-01-30 00:46:51
33,PRESS-001,2024-01-07 23:59:59,522.5556,30.49,23.2,0.861,13.31,10.69,686,0.7617,2026-01-30 00:46:51
34,PRESS-002,2024-01-07 23:59:59,457.0389,27.0,18.14,0.9292,12.37,11.63,641,0.713,2026-01-30 00:46:51
35,ASM-001,2024-01-07 23:59:59,210.1167,5.23,3.67,0.8564,4.72,19.28,173,1.2145,2026-01-30 00:46:51
36,INJ-001,2024-01-08 23:59:59,360.1792,27.66,15.05,0.9029,3.5,20.5,211,1.707,2026-01-30 00:46:51
37,INJ-002,2024-01-08 23:59:59,302.6417,22.13,10.93,0.8511,14.09,9.91,700,0.4323,2026-01-30 00:46:51
38,PRESS-001,2024-01-08 23:59:59,517.1444,42.51,22.68,0.9037,13.87,10.13,699,0.7398,2026-01-30 00:46:51
39,PRESS-002,2024-01-08 23:59:59,449.8722,28.25,16.66,0.8612,9.03,14.97,430,1.0462,2026-01-30 00:46:52
40,ASM-001,2024-01-08 23:59:59,161.6778,6.05,3.55,0.9454,12.14,11.86,431,0.3751,2026-01-30 00:46:52
41,INJ-001,2024-01-09 23:59:59,329.7292,20.97,11.64,0.9001,9.02,14.98,420,0.7851,2026-01-30 00:46:52
42,INJ-002,2024-01-09 23:59:59,298.0267,18.23,10.5,0.9371,13.78,10.22,658,0.4529,2026-01-30 00:46:52
43,PRESS-001,2024-01-09 23:59:59,507.6944,38.94,22.83,0.9109,9.8,14.2,497,1.0215,2026-01-30 00:46:52
44,PRESS-002,2024-01-09 23:59:59,456.0889,29.05,17.24,0.9039,8.65,15.35,426,1.0706,2026-01-30 00:46:52
45,ASM-001,2024-01-09 23:59:59,200.3972,6.39,3.45,0.8501,6.05,17.95,209,0.9588,2026-01-30 00:46:52
46,INJ-001,2024-01-10 23:59:59,356.7083,21.48,13.93,0.9429,3.07,20.93,171,2.086,2026-01-30 00:46:52
47,INJ-002,2024-01-10 23:59:59,312.6125,23.07,11.65,0.8808,14.16,9.84,750,0.4168,2026-01-30 00:46:52
48,PRESS-001,2024-01-10 23:59:59,498.9389,35.7,21.24,0.9447,15.25,8.75,720,0.693,2026-01-30 00:46:52
49,PRESS-002,2024-01-10 23:59:59,446.5556,27.79,17.51,0.8569,13.43,10.57,672,0.6645,2026-01-30 00:46:52
50,ASM-001,2024-01-10 23:59:59,205.2694,6.49,3.39,0.8628,5.25,18.75,178,1.1532,2026-01-30 00:46:52
51,INJ-001,2024-01-11 23:59:59,336.6167,18.49,10.6,0.8765,5.31,18.69,225,1.4961,2026-01-30 00:46:52
52,INJ-002,2024-01-11 23:59:59,328.9417,21.54,11.64,0.8712,9.26,14.74,490,0.6713,2026-01-30 00:46:52
53,PRESS-001,2024-01-11 23:59:59,522.5667,42.2,23.17,0.8701,13.44,10.56,692,0.7552,2026-01-30 00:46:52
54,PRESS-002,2024-01-11 23:59:59,462.9056,33.75,18.64,0.915,12.6,11.4,671,0.6899,2026-01-30 00:46:52
55,ASM-001,2024-01-11 23:59:59,204.4889,5.71,3.31,0.8621,5.31,18.69,176,1.1619,2026-01-30 00:46:52
56,INJ-001,2024-01-12 23:59:59,343.1458,20.43,12.8,0.9088,7.66,16.34,392,0.8754,2026-01-30 00:46:52
57,INJ-002,2024-01-12 23:59:59,325.3792,17.25,11.02,0.8571,8.69,15.31,435,0.748,2026-01-30 00:46:52
58,PRESS-001,2024-01-12 23:59:59,509.8111,38.12,22.34,0.9405,12.75,11.25,633,0.8054,2026-01-30 00:46:52
59,PRESS-002,2024-01-12 23:59:59,466.9444,33.06,19.05,0.8738,13.69,10.31,745,0.6268,2026-01-30 00:46:52
60,ASM-001,2024-01-12 23:59:59,223.9361,8.84,5.16,0.8632,3.32,20.68,171,1.3096,2026-01-30 00:46:52
61,INJ-001,2024-01-13 23:59:59,346.1958,19.02,12.03,0.9071,4.65,19.35,224,1.5455,2026-01-30 00:46:52
62,INJ-002,2024-01-13 23:59:59,286.6833,15.0,10.41,0.9285,15.96,8.04,755,0.3797,2026-01-30 00:46:52
63,PRESS-001,2024-01-13 23:59:59,520.2556,37.63,24.4,0.869,9.15,14.85,496,1.0489,2026-01-30 00:46:52
64,PRESS-002,2024-01-13 23:59:59,466.6222,25.17,18.94,0.8931,12.59,11.41,681,0.6852,2026-01-30 00:46:52
65,ASM-001,2024-01-13 23:59:59,211.7472,5.34,3.74,0.8967,4.52,19.48,169,1.2529,2026-01-30 00:46:52
66,INJ-001,2024-01-14 23:59:59,352.6125,20.04,13.19,0.9173,4.09,19.91,216,1.6325,2026-01-30 00:46:52
67,INJ-002,2024-01-14 23:59:59,324.4292,18.49,11.59,0.8598,10.44,13.56,550,0.5899,2026-01-30 00:46:52
68,PRESS-001,2024-01-14 23:59:59,508.4,31.5,22.17,0.8839,13.07,10.93,644,0.7894,2026-01-30 00:46:52
69,PRESS-002,2024-01-14 23:59:59,461.8222,27.53,17.67,0.8749,7.79,16.21,393,1.1751,2026-01-30 00:46:52
70,ASM-001,2024-01-14 23:59:59,181.4194,5.21,3.84,0.8949,9.51,14.49,365,0.497,2026-01-30 00:46:52
71,INJ-001,2024-01-15 23:59:59,337.3083,18.12,10.99,0.875,5.66,18.34,249,1.3547,2026-01-30 00:46:52
72,INJ-002,2024-01-15 23:59:59,302.3217,17.53,9.35,0.9361,10.21,13.79,434,0.6966,2026-01-30 00:46:52
73,PRESS-001,2024-01-15 23:59:59,509.0556,38.32,23.56,0.9499,8.15,15.85,427,1.1922,2026-01-30 00:46:52
74,PRESS-002,2024-01-15 23:59:59,461.1167,37.0,18.44,0.9426,12.13,11.87,639,0.7216,2026-01-30 00:46:52
75,ASM-001,2024-01-15 23:59:59,222.0417,9.52,5.4,0.8986,3.91,20.09,211,1.0523,2026-01-30 00:46:52
76,INJ-001,2024-01-16 23:59:59,359.7167,24.04,14.93,0.8559,4.17,19.83,249,1.4446,2026-01-30 00:46:52
77,INJ-002,2024-01-16 23:59:59,299.1142,19.81,10.81,0.8765,14.52,9.48,713,0.4195,2026-01-30 00:46:52
78,PRESS-001,2024-01-16 23:59:59,511.7111,40.6,22.21,0.8923,14.37,9.63,709,0.7217,2026-01-30 00:46:52
79,PRESS-002,2024-01-16 23:59:59,437.1333,34.96,16.96,0.9056,14.08,9.92,682,0.641,2026-01-30 00:46:52
80,ASM-001,2024-01-16 23:59:59,220.0889,7.64,4.46,0.8797,3.59,20.41,160,1.3756,2026-01-30 00:46:52
81,INJ-001,2024-01-17 23:59:59,352.7458,25.59,13.23,0.9042,4.1,19.9,217,1.6256,2026-01-30 00:46:52
82,INJ-002,2024-01-17 23:59:59,312.7817,17.53,10.35,0.9084,10.14,13.86,477,0.6557,2026-01-30 00:46:52
83,PRESS-001,2024-01-17 23:59:59,535.9111,48.21,26.15,0.8657,9.08,14.92,528,1.015,2026-01-30 00:46:52
84,PRESS-002,2024-01-17 23:59:59,468.4944,32.8,18.51,0.8686,7.7,16.3,407,1.1511,2026-01-30 00:46:52
85,ASM-001,2024-01-17 23:59:59,219.9306,8.73,4.78,0.8735,3.85,20.15,184,1.1953,2026-01-30 00:46:52
86,INJ-001,2024-01-18 23:59:59,358.4542,24.89,14.58,0.8746,3.65,20.35,213,1.6829,2026-01-30 00:46:52
87,INJ-002,2024-01-18 23:59:59,281.9217,18.0,9.95,0.8919,15.46,8.54,699,0.4033,2026-01-30 00:46:52
88,PRESS-001,2024-01-18 23:59:59,497.7944,37.63,21.18,0.9435,15.13,8.87,712,0.6991,2026-01-30 00:46:52
89,PRESS-002,2024-01-18 23:59:59,465.3056,31.89,18.84,0.8739,12.69,11.31,683,0.6813,2026-01-30 00:46:52
90,ASM-001,2024-01-18 23:59:59,219.4417,8.39,4.79,0.88,3.95,20.05,189,1.1611,2026-01-30 00:46:52
91,INJ-001,2024-01-19 23:59:59,352.2125,22.07,12.65,0.8573,3.32,20.68,168,2.0965,2026-01-30 00:46:52
92,INJ-002,2024-01-19 23:59:59,311.9367,19.63,10.51,0.9496,10.7,13.3,511,0.6104,2026-01-30 00:46:52
93,PRESS-001,2024-01-19 23:59:59,509.6389,33.1,21.91,0.8765,15.51,8.49,755,0.675,2026-01-30 00:46:52
94,PRESS-002,2024-01-19 23:59:59,450.9278,35.66,17.68,0.9379,12.55,11.45,634,0.7112,2026-01-30 00:46:52
95,ASM-001,2024-01-19 23:59:59,167.4556,6.09,3.81,0.9334,11.72,12.28,447,0.3746,2026-01-30 00:46:52
96,INJ-001,2024-01-20 23:59:59,353.6417,20.04,13.26,0.9112,3.66,20.34,194,1.8229,2026-01-30 00:46:52
97,INJ-002,2024-01-20 23:59:59,301.2758,15.14,9.48,0.9154,10.65,13.35,459,0.6564,2026-01-30 00:46:52
98,PRESS-001,2024-01-20 23:59:59,507.7667,29.37,22.55,0.9317,10.87,13.13,545,0.9317,2026-01-30 00:46:52
99,PRESS-002,2024-01-20 23:59:59,468.4722,25.46,18.32,0.9163,6.86,17.14,359,1.3049,2026-01-30 00:46:52
100,ASM-001,2024-01-20 23:59:59,212.8639,5.98,3.78,0.8634,4.36,19.64,165,1.2901,2026-01-30 00:46:52
101,INJ-001,2024-01-21 23:59:59,366.4208,22.71,17.01,0.8607,3.19,20.81,217,1.6886,2026-01-30 00:46:52
102,INJ-002,2024-01-21 23:59:59,292.4317,15.64,10.67,0.8772,15.61,8.39,757,0.3863,2026-01-30 00:46:52
103,PRESS-001,2024-01-21 23:59:59,511.55,33.04,22.3,0.9218,13.7,10.3,679,0.7534,2026-01-30 00:46:52
104,PRESS-002,2024-01-21 23:59:59,469.2222,25.46,18.71,0.9134,8.34,15.66,446,1.0521,2026-01-30 00:46:52
105,ASM-001,2024-01-21 23:59:59,227.8417,8.29,6.01,0.8989,3.05,20.95,183,1.245,2026-01-30 00:46:52
106,INJ-001,2024-01-22 23:59:59,349.7833,27.26,13.66,0.8592,7.65,16.35,418,0.8368,2026-01-30 00:46:52
107,INJ-002,2024-01-22 23:59:59,318.6292,18.39,11.15,0.8504,10.75,13.25,545,0.5846,2026-01-30 00:46:52
108,PRESS-001,2024-01-22 23:59:59,503.8889,42.38,22.55,0.8762,9.38,14.62,470,1.0721,2026-01-30 00:46:52
109,PRESS-002,2024-01-22 23:59:59,483.8111,37.89,20.56,0.8928,6.76,17.24,397,1.2187,2026-01-30 00:46:52
110,ASM-001,2024-01-22 23:59:59,212.9667,5.53,3.8,0.9383,4.36,19.64,166,1.2829,2026-01-30 00:46:52
111,INJ-001,2024-01-23 23:59:59,359.9542,28.48,14.99,0.9335,7.77,16.23,466,0.7724,2026-01-30 00:46:52
112,INJ-002,2024-01-23 23:59:59,324.7758,18.02,10.82,0.8627,8.42,15.58,414,0.7845,2026-01-30 00:46:52
113,PRESS-001,2024-01-23 23:59:59,540.6333,43.89,24.63,0.9296,13.1,10.9,717,0.754,2026-01-30 00:46:52
114,PRESS-002,2024-01-23 23:59:59,465.05,36.2,18.15,0.871,8.1,15.9,420,1.1073,2026-01-30 00:46:52
115,ASM-001,2024-01-23 23:59:59,202.3778,7.92,5.14,0.928,7.74,16.26,398,0.5085,2026-01-30 00:46:52
116,INJ-001,2024-01-24 23:59:59,358.1917,26.87,14.53,0.9121,3.89,20.11,226,1.5849,2026-01-30 00:46:52
117,INJ-002,2024-01-24 23:59:59,330.2275,20.28,11.71,0.9365,9.05,14.95,482,0.6851,2026-01-30 00:46:52
118,PRESS-001,2024-01-24 23:59:59,485.3278,41.26,20.52,0.9381,10.2,13.8,465,1.0437,2026-01-30 00:46:52
119,PRESS-002,2024-01-24 23:59:59,465.3444,30.83,18.91,0.8832,13.42,10.58,725,0.6419,2026-01-30 00:46:52
120,ASM-001,2024-01-24 23:59:59,203.5111,7.84,3.94,0.9364,6.02,17.98,237,0.8587,2026-01-30 00:46:52
121,INJ-001,2024-01-25 23:59:59,369.5458,32.1,18.03,0.9287,3.15,20.85,227,1.628,2026-01-30 00:46:52
122,INJ-002,2024-01-25 23:59:59,298.3392,18.49,10.89,0.9359,15.01,8.99,743,0.4015,2026-01-30 00:46:52
123,PRESS-001,2024-01-25 23:59:59,500.9889,38.44,22.26,0.896,9.28,14.72,459,1.0915,2026-01-30 00:46:52
124,PRESS-002,2024-01-25 23:59:59,446.95,30.83,17.6,0.8728,13.76,10.24,692,0.6459,2026-01-30 00:46:52
125,ASM-001,2024-01-25 23:59:59,208.95,5.78,3.88,0.8828,5.08,18.93,197,1.0607,2026-01-30 00:46:52
126,INJ-001,2024-01-26 23:59:59,355.1125,27.11,13.44,0.8779,3.14,20.86,169,2.1013,2026-01-30 00:46:52
127,INJ-002,2024-01-26 23:59:59,324.4875,20.2,11.47,0.9481,10.07,13.93,525,0.6181,2026-01-30 00:46:52
128,PRESS-001,2024-01-26 23:59:59,521.75,48.92,26.0,0.8615,6.96,17.04,402,1.2979,2026-01-30 00:46:52
129,PRESS-002,2024-01-26 23:59:59,433.3333,30.03,16.62,0.9463,13.8,10.2,655,0.6616,2026-01-30 00:46:52
130,ASM-001,2024-01-26 23:59:59,211.6306,6.17,3.99,0.8935,4.72,19.28,188,1.1257,2026-01-30 00:46:52
131,INJ-001,2024-01-27 23:59:59,363.6125,24.55,16.17,0.8814,3.09,20.91,200,1.8181,2026-01-30 00:46:52
132,INJ-002,2024-01-27 23:59:59,325.9358,16.36,11.04,0.9011,8.61,15.39,432,0.7545,2026-01-30 00:46:52
133,PRESS-001,2024-01-27 23:59:59,528.8611,34.18,24.15,0.9077,11.78,12.22,632,0.8368,2026-01-30 00:46:52
134,PRESS-002,2024-01-27 23:59:59,445.75,22.19,16.12,0.9209,8.83,15.17,407,1.0952,2026-01-30 00:46:52
135,ASM-001,2024-01-27 23:59:59,217.6111,5.3,4.08,0.9426,3.78,20.22,154,1.4131,2026-01-30 00:46:52
136,INJ-001,2024-01-28 23:59:59,351.1375,18.55,12.69,0.9219,3.84,20.16,195,1.8007,2026-01-30 00:46:52
137,INJ-002,2024-01-28 23:59:59,343.4725,19.87,13.05,0.9171,8.48,15.52,503,0.6828,2026-01-30 00:46:52
138,PRESS-001,2024-01-28 23:59:59,519.0167,32.04,22.74,0.857,14.25,9.75,720,0.7209,2026-01-30 00:46:52
139,PRESS-002,2024-01-28 23:59:59,478.0944,29.73,19.83,0.883,11.33,12.67,642,0.7447,2026-01-30 00:46:52
140,ASM-001,2024-01-28 23:59:59,197.1972,4.94,3.54,0.9348,6.63,17.37,235,0.8391,2026-01-30 00:46:52
141,INJ-001,2024-01-29 23:59:59,341.625,22.17,12.61,0.8809,7.67,16.32,387,0.8828,2026-01-30 00:46:52
142,INJ-002,2024-01-29 23:59:59,324.5042,18.85,11.23,0.8796,9.41,14.59,480,0.6761,2026-01-30 00:46:52
143,PRESS-001,2024-01-29 23:59:59,522.2389,37.51,23.67,0.944,11.5,12.5,605,0.8632,2026-01-30 00:46:52
144,PRESS-002,2024-01-29 23:59:59,462.2,34.41,17.88,0.9116,8.38,15.62,428,1.0799,2026-01-30 00:46:52
145,ASM-001,2024-01-29 23:59:59,210.8194,6.21,3.69,0.85,4.63,19.37,171,1.2329,2026-01-30 00:46:52
146,INJ-001,2024-01-30 23:59:59,341.0417,18.79,11.43,0.908,5.31,18.69,243,1.4035,2026-01-30 00:46:52
147,INJ-002,2024-01-30 23:59:59,264.0792,17.37,9.73,0.8942,18.2,5.8,805,0.328,2026-01-30 00:46:52
148,PRESS-001,2024-01-30 23:59:59,522.5778,37.9,23.25,0.9401,13.08,10.92,676,0.773,2026-01-30 00:46:52
149,PRESS-002,2024-01-30 23:59:59,447.0944,30.3,17.36,0.8585,12.48,11.52,619,0.7223,2026-01-30 00:46:52
150,ASM-001,2024-01-30 23:59:59,208.2139,7.26,4.07,0.8835,5.36,18.64,218,0.9551,2026-01-30 00:46:52
151,INJ-001,2024-01-31 23:59:59,334.9625,23.41,12.12,0.9173,8.69,15.31,421,0.7956,2026-01-30 00:46:52
152,INJ-002,2024-01-31 23:59:59,291.6083,15.97,10.25,0.8524,14.39,9.61,670,0.4352,2026-01-30 00:46:52
153,PRESS-001,2024-01-31 23:59:59,487.5,34.28,20.88,0.935,8.49,15.51,394,1.2373,2026-01-30 00:46:52
154,PRESS-002,2024-01-31 23:59:59,423.4278,25.72,16.45,0.913,15.92,8.08,748,0.5661,2026-01-30 00:46:52
155,ASM-001,2024-01-31 23:59:59,206.7111,6.24,3.71,0.8994,5.29,18.71,196,1.0546,2026-01-30 00:46:52
156,INJ-001,2024-02-01 23:59:59,346.325,20.81,12.31,0.8506,5.08,18.92,250,1.3853,2026-01-30 00:46:52
157,INJ-002,2024-02-01 23:59:59,299.8808,20.32,10.62,0.8607,13.73,10.27,663,0.4523,2026-01-30 00:46:52
158,PRESS-001,2024-02-01 23:59:59,502.0556,36.38,22.45,0.9458,9.0,15.0,449,1.1182,2026-01-30 00:46:52
159,PRESS-002,2024-02-01 23:59:59,466.5556,29.82,18.46,0.8749,8.72,15.28,460,1.0143,2026-01-30 00:46:52
160,ASM-001,2024-02-01 23:59:59,214.0056,8.47,4.57,0.9301,4.79,19.21,219,0.9772,2026-01-30 00:46:52
161,INJ-001,2024-02-02 23:59:59,365.5917,30.81,15.83,0.9095,6.74,17.26,427,0.8562,2026-01-30 00:46:52
162,INJ-002,2024-02-02 23:59:59,266.915,19.81,9.78,0.9113,17.82,6.18,792,0.337,2026-01-30 00:46:52
163,PRESS-001,2024-02-02 23:59:59,502.6222,41.8,22.96,0.9331,7.64,16.36,390,1.2888,2026-01-30 00:46:52
164,PRESS-002,2024-02-02 23:59:59,460.7222,34.46,18.39,0.9244,11.99,12.01,630,0.7313,2026-01-30 00:46:52
165,ASM-001,2024-02-02 23:59:59,219.1861,8.16,4.91,0.8747,4.09,19.91,201,1.0905,2026-01-30 00:46:52
166,INJ-001,2024-02-03 23:59:59,333.6708,18.01,12.08,0.9266,9.01,14.99,435,0.7671,2026-01-30 00:46:52
167,INJ-002,2024-02-03 23:59:59,297.6467,15.61,10.72,0.9127,14.56,9.44,709,0.4198,2026-01-30 00:46:52
168,PRESS-001,2024-02-03 23:59:59,528.7056,32.61,23.59,0.8577,13.56,10.44,711,0.7436,2026-01-30 00:46:52
169,PRESS-002,2024-02-03 23:59:59,457.7056,24.06,17.36,0.8772,8.45,15.55,419,1.0924,2026-01-30 00:46:52
170,ASM-001,2024-02-03 23:59:59,218.7111,6.18,4.43,0.904,3.82,20.18,169,1.2941,2026-01-30 00:46:52
171,INJ-001,2024-02-04 23:59:59,352.0042,16.77,12.5,0.8731,3.2,20.8,160,2.2,2026-01-30 00:46:52
172,INJ-002,2024-02-04 23:59:59,312.6975,15.34,10.17,0.9206,9.8,14.2,453,0.6903,2026-01-30 00:46:52
173,PRESS-001,2024-02-04 23:59:59,513.4667,31.95,24.22,0.8908,7.93,16.07,427,1.2025,2026-01-30 00:46:52
174,PRESS-002,2024-02-04 23:59:59,439.5778,24.62,16.83,0.8916,12.77,11.23,614,0.7159,2026-01-30 00:46:52
175,ASM-001,2024-02-04 23:59:59,214.1917,6.06,4.45,0.892,4.65,19.35,207,1.0347,2026-01-30 00:46:52
176,INJ-001,2024-02-05 23:59:59,356.4542,27.7,14.48,0.9196,6.87,17.13,398,0.8956,2026-01-30 00:46:52
177,INJ-002,2024-02-05 23:59:59,293.6992,20.64,10.58,0.888,14.99,9.01,721,0.4073,2026-01-30 00:46:52
178,PRESS-001,2024-02-05 23:59:59,506.4722,33.51,21.99,0.9253,13.28,10.72,649,0.7804,2026-01-30 00:46:52
179,PRESS-002,2024-02-05 23:59:59,428.8611,33.44,16.65,0.8919,15.26,8.74,726,0.5907,2026-01-30 00:46:52
180,ASM-001,2024-02-05 23:59:59,203.4972,6.31,3.42,0.9103,5.55,18.45,190,1.071,2026-01-30 00:46:52
181,INJ-001,2024-02-06 23:59:59,331.8958,19.25,12.32,0.8936,10.49,13.51,517,0.642,2026-01-30 00:46:52
182,INJ-002,2024-02-06 23:59:59,329.4692,17.66,11.56,0.9179,8.88,15.12,467,0.7055,2026-01-30 00:46:52
183,PRESS-001,2024-02-06 23:59:59,519.25,36.95,22.94,0.8967,13.34,10.66,680,0.7636,2026-01-30 00:46:52
184,PRESS-002,2024-02-06 23:59:59,452.6889,27.81,16.97,0.8527,9.01,14.99,437,1.0359,2026-01-30 00:46:52
185,ASM-001,2024-02-06 23:59:59,187.6944,7.25,4.21,0.8527,9.04,14.96,381,0.4926,2026-01-30 00:46:52
186,INJ-001,2024-02-07 23:59:59,345.6042,20.15,11.98,0.8962,4.76,19.24,228,1.5158,2026-01-30 00:46:52
187,INJ-002,2024-02-07 23:59:59,272.385,15.44,9.99,0.8712,17.47,6.53,793,0.3435,2026-01-30 00:46:52
188,PRESS-001,2024-02-07 23:59:59,522.3611,44.66,25.51,0.8879,7.69,16.31,436,1.1981,2026-01-30 00:46:52
189,PRESS-002,2024-02-07 23:59:59,440.1389,29.94,15.5,0.8752,8.85,15.15,392,1.1228,2026-01-30 00:46:52
190,ASM-001,2024-02-07 23:59:59,216.975,6.21,4.25,0.9039,4.0,20.0,170,1.2763,2026-01-30 00:46:52
191,INJ-001,2024-02-08 23:59:59,348.0875,23.48,12.54,0.915,4.84,19.16,243,1.4325,2026-01-30 00:46:52
192,INJ-002,2024-02-08 23:59:59,309.0925,18.96,10.04,0.9254,10.27,13.73,469,0.659,2026-01-30 00:46:52
193,PRESS-001,2024-02-08 23:59:59,498.5222,40.31,22.31,0.852,8.01,15.99,397,1.2557,2026-01-30 00:46:52
194,PRESS-002,2024-02-08 23:59:59,475.9722,29.76,19.66,0.9169,11.68,12.32,656,0.7256,2026-01-30 00:46:52
195,ASM-001,2024-02-08 23:59:59,215.325,7.22,4.3,0.9199,4.33,19.67,186,1.1577,2026-01-30 00:46:52
196,INJ-001,2024-02-09 23:59:59,342.7292,20.26,11.68,0.9107,5.2,18.8,243,1.4104,2026-01-30 00:46:52
197,INJ-002,2024-02-09 23:59:59,315.1392,18.32,10.7,0.9319,10.44,13.56,508,0.6204,2026-01-30 00:46:52
198,PRESS-001,2024-02-09 23:59:59,505.2389,40.37,22.65,0.8526,9.54,14.46,480,1.0526,2026-01-30 00:46:52
199,PRESS-002,2024-02-09 23:59:59,459.2833,31.64,18.38,0.9458,12.76,11.24,670,0.6855,2026-01-30 00:46:52
200,ASM-001,2024-02-09 23:59:59,201.7639,5.96,3.38,0.8576,5.77,18.23,195,1.0347,2026-01-30 00:46:52
201,INJ-001,2024-02-10 23:59:59,355.2167,20.37,13.51,0.9127,3.22,20.78,174,2.0415,2026-01-30 00:46:52
202,INJ-002,2024-02-10 23:59:59,320.48,14.83,11.14,0.9272,10.25,13.75,519,0.6175,2026-01-30 00:46:52
203,PRESS-001,2024-02-10 23:59:59,491.15,32.87,21.14,0.91,9.79,14.21,460,1.0677,2026-01-30 00:46:52
204,PRESS-002,2024-02-10 23:59:59,452.3222,23.98,17.94,0.9484,13.46,10.54,690,0.6555,2026-01-30 00:46:52
205,ASM-001,2024-02-10 23:59:59,217.6389,7.54,4.91,0.8847,4.4,19.6,216,1.0076,2026-01-30 00:46:52
206,INJ-001,2024-02-11 23:59:59,322.8958,16.0,11.2,0.8871,9.77,14.23,438,0.7372,2026-01-30 00:46:52
207,INJ-002,2024-02-11 23:59:59,296.035,15.44,10.63,0.8841,14.65,9.35,708,0.4181,2026-01-30 00:46:52
208,PRESS-001,2024-02-11 23:59:59,487.9833,32.45,20.87,0.9322,9.19,14.81,426,1.1455,2026-01-30 00:46:52
209,PRESS-002,2024-02-11 23:59:59,490.9444,28.01,21.04,0.9461,10.57,13.43,635,0.7731,2026-01-30 00:46:52
210,ASM-001,2024-02-11 23:59:59,212.7222,6.59,4.42,0.9329,4.89,19.11,216,0.9848,2026-01-30 00:46:52
211,INJ-001,2024-02-12 23:59:59,346.2583,23.67,13.19,0.9234,7.58,16.42,400,0.8656,2026-01-30 00:46:52
212,INJ-002,2024-02-12 23:59:59,316.2725,19.89,10.84,0.9308,10.51,13.49,518,0.6106,2026-01-30 00:46:52
213,PRESS-001,2024-02-12 23:59:59,493.5611,37.93,21.69,0.8936,8.03,15.97,387,1.2754,2026-01-30 00:46:52
214,PRESS-002,2024-02-12 23:59:59,451.4667,30.94,17.65,0.9352,12.14,11.86,612,0.7377,2026-01-30 00:46:52
215,ASM-001,2024-02-12 23:59:59,217.4611,7.26,4.2,0.9382,3.88,20.12,163,1.3341,2026-01-30 00:46:52
216,INJ-001,2024-02-13 23:59:59,352.9458,21.95,13.4,0.911,4.4,19.6,236,1.4955,2026-01-30 00:46:52
217,INJ-002,2024-02-13 23:59:59,303.1225,17.63,11.28,0.9351,15.28,8.72,783,0.3871,2026-01-30 00:46:52
218,PRESS-001,2024-02-13 23:59:59,481.9056,31.28,20.22,0.9298,8.86,15.14,398,1.2108,2026-01-30 00:46:52
219,PRESS-002,2024-02-13 23:59:59,432.6778,29.86,16.69,0.9201,14.3,9.7,682,0.6344,2026-01-30 00:46:52
220,ASM-001,2024-02-13 23:59:59,213.8139,6.17,4.05,0.9448,4.4,19.6,178,1.2012,2026-01-30 00:46:52
221,INJ-001,2024-02-14 23:59:59,346.3208,22.26,13.5,0.8989,9.11,14.89,492,0.7039,2026-01-30 00:46:52
222,INJ-002,2024-02-14 23:59:59,297.7717,18.3,9.68,0.9146,11.69,12.31,514,0.5793,2026-01-30 00:46:52
223,PRESS-001,2024-02-14 23:59:59,499.8667,39.17,21.51,0.8593,13.18,10.82,630,0.7934,2026-01-30 00:46:52
224,PRESS-002,2024-02-14 23:59:59,432.5667,28.43,16.8,0.8806,14.81,9.19,711,0.6084,2026-01-30 00:46:52
225,ASM-001,2024-02-14 23:59:59,205.1583,6.3,3.58,0.9031,5.42,18.58,194,1.0575,2026-01-30 00:46:52
226,INJ-001,2024-02-15 23:59:59,344.9125,21.83,12.24,0.8831,5.47,18.53,268,1.287,2026-01-30 00:46:52
227,INJ-002,2024-02-15 23:59:59,301.9575,17.79,10.2,0.8751,12.1,11.9,561,0.5382,2026-01-30 00:46:52
228,PRESS-001,2024-02-15 23:59:59,481.3667,30.55,20.08,0.862,16.24,7.76,725,0.664,2026-01-30 00:46:52
229,PRESS-002,2024-02-15 23:59:59,462.3944,32.22,17.61,0.8685,7.37,16.63,371,1.2463,2026-01-30 00:46:52
230,ASM-001,2024-02-15 23:59:59,173.0333,6.16,3.77,0.9225,10.75,13.25,405,0.4272,2026-01-30 00:46:52
231,INJ-001,2024-02-16 23:59:59,328.5042,22.55,11.75,0.8783,9.68,14.32,455,0.722,2026-01-30 00:46:52
232,INJ-002,2024-02-16 23:59:59,304.6667,16.42,10.84,0.8727,13.3,10.7,655,0.4651,2026-01-30 00:46:52
233,PRESS-001,2024-02-16 23:59:59,527.8556,36.85,24.68,0.9034,10.23,13.77,561,0.9409,2026-01-30 00:46:52
234,PRESS-002,2024-02-16 23:59:59,438.8167,30.2,16.87,0.9053,13.17,10.83,635,0.691,2026-01-30 00:46:52
235,ASM-001,2024-02-16 23:59:59,207.1694,6.85,4.03,0.9368,5.5,18.5,222,0.9332,2026-01-30 00:46:52
236,INJ-001,2024-02-17 23:59:59,359.3917,21.42,14.8,0.9373,3.07,20.93,182,1.9747,2026-01-30 00:46:52
237,INJ-002,2024-02-17 23:59:59,333.09,17.12,11.63,0.8969,7.98,16.02,422,0.7893,2026-01-30 00:46:52
238,PRESS-001,2024-02-17 23:59:59,518.0667,35.52,24.8,0.8684,7.93,16.07,437,1.1855,2026-01-30 00:46:52
239,PRESS-002,2024-02-17 23:59:59,459.6222,24.15,18.36,0.9441,12.43,11.57,652,0.7049,2026-01-30 00:46:52
240,ASM-001,2024-02-17 23:59:59,193.3611,6.4,4.44,0.9322,8.38,15.62,372,0.5198,2026-01-30 00:46:52
241,INJ-001,2024-02-18 23:59:59,347.3708,16.75,11.8,0.8574,3.94,20.06,186,1.8676,2026-01-30 00:46:52
242,INJ-002,2024-02-18 23:59:59,320.1425,16.2,10.88,0.8554,9.68,14.32,479,0.6684,2026-01-30 00:46:52
243,PRESS-001,2024-02-18 23:59:59,522.9833,30.98,23.03,0.9063,14.16,9.84,725,0.7214,2026-01-30 00:46:52
244,PRESS-002,2024-02-18 23:59:59,479.4444,27.72,19.92,0.9494,7.33,16.67,417,1.1497,2026-01-30 00:46:52
245,ASM-001,2024-02-18 23:59:59,180.0917,5.47,4.09,0.9264,10.14,13.86,415,0.434,2026-01-30 00:46:52
246,INJ-001,2024-02-19 23:59:59,350.6042,25.49,13.67,0.8726,7.06,16.94,386,0.9083,2026-01-30 00:46:52
247,INJ-002,2024-02-19 23:59:59,312.2458,17.41,10.04,0.8943,9.64,14.36,440,0.7096,2026-01-30 00:46:52
248,PRESS-001,2024-02-19 23:59:59,487.3722,41.53,20.54,0.8805,13.76,10.24,628,0.7761,2026-01-30 00:46:52
249,PRESS-002,2024-02-19 23:59:59,443.0722,30.3,16.68,0.924,11.14,12.86,531,0.8344,2026-01-30 00:46:52
250,ASM-001,2024-02-19 23:59:59,212.0639,7.01,3.88,0.8711,4.56,19.44,177,1.1981,2026-01-30 00:46:52
251,INJ-001,2024-02-20 23:59:59,351.9625,22.31,13.16,0.8674,4.37,19.63,230,1.5303,2026-01-30 00:46:52
252,INJ-002,2024-02-20 23:59:59,316.9483,17.25,11.85,0.8951,13.68,10.32,737,0.4301,2026-01-30 00:46:52
253,PRESS-001,2024-02-20 23:59:59,478.2167,34.04,19.88,0.8731,14.83,9.17,655,0.7301,2026-01-30 00:46:52
254,PRESS-002,2024-02-20 23:59:59,467.0556,34.27,18.27,0.8954,7.47,16.53,390,1.1976,2026-01-30 00:46:52
255,ASM-001,2024-02-20 23:59:59,181.2639,8.08,4.18,0.9288,10.08,13.92,421,0.4306,2026-01-30 00:46:52
256,INJ-001,2024-02-21 23:59:59,338.65,23.03,12.56,0.9434,8.76,15.24,440,0.7697,2026-01-30 00:46:52
257,INJ-002,2024-02-21 23:59:59,273.6475,17.09,9.9,0.9148,16.95,7.05,763,0.3586,2026-01-30 00:46:52
258,PRESS-001,2024-02-21 23:59:59,492.5111,41.45,20.83,0.8571,15.06,8.94,697,0.7066,2026-01-30 00:46:52
259,PRESS-002,2024-02-21 23:59:59,460.8556,29.11,18.57,0.9249,13.38,10.62,710,0.6491,2026-01-30 00:46:52
260,ASM-001,2024-02-21 23:59:59,182.9667,6.42,3.77,0.8624,9.15,14.85,345,0.5303,2026-01-30 00:46:52
261,INJ-001,2024-02-22 23:59:59,366.7417,29.75,15.93,0.9443,7.27,16.73,463,0.7921,2026-01-30 00:46:52
262,INJ-002,2024-02-22 23:59:59,339.1708,21.66,12.46,0.858,8.21,15.79,465,0.7294,2026-01-30 00:46:52
263,PRESS-001,2024-02-22 23:59:59,503.1222,34.1,21.91,0.8822,12.12,11.88,590,0.8527,2026-01-30 00:46:52
264,PRESS-002,2024-02-22 23:59:59,448.2,26.99,17.55,0.9462,12.98,11.02,651,0.6885,2026-01-30 00:46:52
265,ASM-001,2024-02-22 23:59:59,204.1667,6.86,3.64,0.9451,5.63,18.37,205,0.9959,2026-01-30 00:46:52
266,INJ-001,2024-02-23 23:59:59,335.6083,21.47,10.87,0.877,5.91,18.09,257,1.3059,2026-01-30 00:46:52
267,INJ-002,2024-02-23 23:59:59,294.9408,17.6,10.72,0.8971,15.21,8.79,741,0.398,2026-01-30 00:46:52
268,PRESS-001,2024-02-23 23:59:59,508.8056,44.57,23.22,0.8681,8.93,15.07,461,1.1037,2026-01-30 00:46:52
269,PRESS-002,2024-02-23 23:59:59,456.8833,32.62,18.02,0.8992,11.67,12.33,601,0.7602,2026-01-30 00:46:52
270,ASM-001,2024-02-23 23:59:59,215.9194,6.36,4.1,0.8833,4.08,19.92,167,1.2929,2026-01-30 00:46:52
271,INJ-001,2024-02-24 23:59:59,330.1083,17.62,11.74,0.9358,9.16,14.84,430,0.7677,2026-01-30 00:46:52
272,INJ-002,2024-02-24 23:59:59,326.0783,16.16,11.55,0.9194,9.83,14.17,516,0.6319,2026-01-30 00:46:52
273,PRESS-001,2024-02-24 23:59:59,522.7389,32.4,23.37,0.9445,12.69,11.31,659,0.7932,2026-01-30 00:46:52
274,PRESS-002,2024-02-24 23:59:59,436.9167,24.21,15.68,0.905,9.98,14.02,447,0.9774,2026-01-30 00:46:52
275,ASM-001,2024-02-24 23:59:59,206.8583,5.23,3.64,0.8815,5.21,18.79,190,1.0887,2026-01-30 00:46:52
276,INJ-001,2024-02-25 23:59:59,340.5167,17.46,12.5,0.947,7.8,16.2,390,0.8731,2026-01-30 00:46:52
277,INJ-002,2024-02-25 23:59:59,280.8525,14.1,9.92,0.9015,15.57,8.43,702,0.4001,2026-01-30 00:46:52
278,PRESS-001,2024-02-25 23:59:59,501.5167,36.0,22.55,0.9158,8.44,15.56,423,1.1856,2026-01-30 00:46:52
279,PRESS-002,2024-02-25 23:59:59,466.5556,26.95,18.43,0.8913,8.55,15.45,450,1.0368,2026-01-30 00:46:52
280,ASM-001,2024-02-25 23:59:59,221.8889,7.18,5.3,0.8862,3.85,20.15,204,1.0877,2026-01-30 00:46:52
281,INJ-001,2024-02-26 23:59:59,356.6792,26.12,13.96,0.926,3.2,20.8,179,1.9926,2026-01-30 00:46:52
282,INJ-002,2024-02-26 23:59:59,339.7617,20.9,12.69,0.9428,8.77,15.23,506,0.6715,2026-01-30 00:46:52
283,PRESS-001,2024-02-26 23:59:59,511.7111,40.64,22.9,0.8621,10.92,13.08,556,0.9203,2026-01-30 00:46:52
284,PRESS-002,2024-02-26 23:59:59,427.2444,31.79,16.34,0.8739,14.43,9.57,674,0.6339,2026-01-30 00:46:52
285,ASM-001,2024-02-26 23:59:59,180.825,6.35,3.89,0.9052,9.69,14.31,377,0.4796,2026-01-30 00:46:52
286,INJ-001,2024-02-27 23:59:59,335.4042,21.22,12.3,0.9413,9.12,14.88,449,0.747,2026-01-30 00:46:52
287,INJ-002,2024-02-27 23:59:59,285.9542,16.73,10.35,0.9332,15.94,8.06,750,0.3813,2026-01-30 00:46:52
288,PRESS-001,2024-02-27 23:59:59,510.6611,42.58,23.63,0.9009,8.46,15.54,444,1.1501,2026-01-30 00:46:52
289,PRESS-002,2024-02-27 23:59:59,462.5944,31.24,17.84,0.948,8.06,15.94,411,1.1255,2026-01-30 00:46:52
290,ASM-001,2024-02-27 23:59:59,216.9528,6.93,4.17,0.8884,3.95,20.05,165,1.3149,2026-01-30 00:46:52
291,INJ-001,2024-02-28 23:59:59,361.45,29.03,15.32,0.9379,4.49,19.51,275,1.3144,2026-01-30 00:46:52
292,INJ-002,2024-02-28 23:59:59,292.2225,19.02,10.56,0.929,15.27,8.73,733,0.3987,2026-01-30 00:46:52
293,PRESS-001,2024-02-28 23:59:59,512.7889,41.12,22.43,0.9008,13.48,10.52,672,0.7631,2026-01-30 00:46:52
294,PRESS-002,2024-02-28 23:59:59,456.7278,32.7,18.29,0.8799,13.59,10.41,710,0.6433,2026-01-30 00:46:52
295,ASM-001,2024-02-28 23:59:59,204.825,7.36,3.84,0.899,5.71,18.29,219,0.9353,2026-01-30 00:46:52
296,INJ-001,2024-02-29 23:59:59,353.4667,21.49,13.24,0.8845,3.7,20.3,196,1.8034,2026-01-30 00:46:52
297,INJ-002,2024-02-29 23:59:59,329.5725,19.97,11.27,0.8955,8.16,15.84,418,0.7885,2026-01-30 00:46:52
298,PRESS-001,2024-02-29 23:59:59,497.95,33.89,21.33,0.9197,13.53,10.47,641,0.7768,2026-01-30 00:46:52
299,PRESS-002,2024-02-29 23:59:59,445.7333,29.71,17.61,0.9276,14.31,9.69,720,0.6191,2026-01-30 00:46:52
300,ASM-001,2024-02-29 23:59:59,201.7333,5.46,3.33,0.9205,5.74,18.26,191,1.0562,2026-01-30 00:46:52
301,INJ-001,2024-03-01 23:59:59,344.1875,20.85,11.48,0.9164,4.49,19.51,206,1.6708,2026-01-30 00:46:52
302,INJ-002,2024-03-01 23:59:59,311.945,20.61,10.28,0.8995,10.18,13.82,476,0.6553,2026-01-30 00:46:52
303,PRESS-001,2024-03-01 23:59:59,490.7722,33.29,21.15,0.909,9.38,14.62,441,1.1129,2026-01-30 00:46:52
304,PRESS-002,2024-03-01 23:59:59,460.0333,36.5,18.34,0.894,12.04,11.96,631,0.7291,2026-01-30 00:46:52
305,ASM-001,2024-03-01 23:59:59,183.5056,6.73,3.87,0.9222,9.22,14.78,357,0.514,2026-01-30 00:46:52
306,INJ-001,2024-03-02 23:59:59,343.0792,18.68,13.13,0.9155,9.04,14.96,475,0.7223,2026-01-30 00:46:52
307,INJ-002,2024-03-02 23:59:59,304.3558,13.35,9.91,0.8969,10.94,13.06,493,0.6174,2026-01-30 00:46:52
308,PRESS-001,2024-03-02 23:59:59,514.9056,35.93,22.59,0.8839,13.49,10.51,677,0.7606,2026-01-30 00:46:52
309,PRESS-002,2024-03-02 23:59:59,441.5722,26.19,17.37,0.915,14.63,9.37,726,0.6082,2026-01-30 00:46:52
310,ASM-001,2024-03-02 23:59:59,185.4778,6.68,4.29,0.9352,9.55,14.45,410,0.4524,2026-01-30 00:46:52
311,INJ-001,2024-03-03 23:59:59,349.2875,19.42,12.47,0.888,4.23,19.77,211,1.6554,2026-01-30 00:46:52
312,INJ-002,2024-03-03 23:59:59,313.24,14.48,10.38,0.9219,10.11,13.89,477,0.6567,2026-01-30 00:46:52
313,PRESS-001,2024-03-03 23:59:59,505.4556,33.36,21.84,0.9372,13.87,10.13,673,0.751,2026-01-30 00:46:52
314,PRESS-002,2024-03-03 23:59:59,495.9056,28.12,21.45,0.8568,10.96,13.04,672,0.738,2026-01-30 00:46:52
315,ASM-001,2024-03-03 23:59:59,165.8833,5.3,3.56,0.9421,11.5,12.5,409,0.4056,2026-01-30 00:46:53
316,INJ-001,2024-03-04 23:59:59,351.9833,25.24,12.63,0.8934,3.38,20.62,171,2.0584,2026-01-30 00:46:53
317,INJ-002,2024-03-04 23:59:59,268.2417,15.45,9.47,0.9373,16.6,7.4,715,0.3752,2026-01-30 00:46:53
318,PRESS-001,2024-03-04 23:59:59,536.9722,43.72,24.63,0.9403,12.32,11.68,674,0.7967,2026-01-30 00:46:53
319,PRESS-002,2024-03-04 23:59:59,446.2,26.68,16.13,0.8793,8.72,15.28,402,1.11,2026-01-30 00:46:53
320,ASM-001,2024-03-04 23:59:59,189.2611,6.2,3.89,0.9031,8.3,15.7,323,0.5859,2026-01-30 00:46:53
321,INJ-001,2024-03-05 23:59:59,339.3,23.23,12.56,0.867,8.48,15.52,426,0.7965,2026-01-30 00:46:53
322,INJ-002,2024-03-05 23:59:59,329.72,19.07,11.3,0.912,8.19,15.81,421,0.7832,2026-01-30 00:46:53
323,PRESS-001,2024-03-05 23:59:59,566.7111,48.36,27.48,0.8643,11.59,12.41,708,0.8004,2026-01-30 00:46:53
324,PRESS-002,2024-03-05 23:59:59,429.4056,27.6,16.67,0.8755,15.2,8.8,724,0.5931,2026-01-30 00:46:53
325,ASM-001,2024-03-05 23:59:59,226.9139,9.79,5.96,0.9401,3.24,20.76,193,1.1757,2026-01-30 00:46:53
326,INJ-001,2024-03-06 23:59:59,342.0333,21.99,12.93,0.8942,8.66,15.34,448,0.7635,2026-01-30 00:46:53
327,INJ-002,2024-03-06 23:59:59,287.2625,16.53,9.67,0.9139,13.65,10.35,600,0.4788,2026-01-30 00:46:53
328,PRESS-001,2024-03-06 23:59:59,523.9778,38.68,23.56,0.9345,12.34,11.66,646,0.8111,2026-01-30 00:46:53
329,PRESS-002,2024-03-06 23:59:59,434.8333,27.38,17.11,0.8983,15.61,8.39,763,0.5699,2026-01-30 00:46:53
330,ASM-001,2024-03-06 23:59:59,211.025,7.54,4.53,0.9075,5.3,18.7,240,0.8793,2026-01-30 00:46:53
331,INJ-001,2024-03-07 23:59:59,350.0125,25.17,13.59,0.9478,7.1,16.9,386,0.9068,2026-01-30 00:46:53
332,INJ-002,2024-03-07 23:59:59,309.5192,17.69,10.23,0.9066,10.58,13.42,492,0.6291,2026-01-30 00:46:53
333,PRESS-001,2024-03-07 23:59:59,508.05,41.76,22.21,0.8549,12.71,11.29,627,0.8103,2026-01-30 00:46:53
334,PRESS-002,2024-03-07 23:59:59,444.2611,30.6,17.22,0.9404,12.85,11.15,632,0.7029,2026-01-30 00:46:53
335,ASM-001,2024-03-07 23:59:59,205.1861,6.39,3.66,0.9107,5.49,18.51,201,1.0208,2026-01-30 00:46:53
336,INJ-001,2024-03-08 23:59:59,356.5583,23.98,13.9,0.9121,3.13,20.87,174,2.0492,2026-01-30 00:46:53
337,INJ-002,2024-03-08 23:59:59,309.4883,18.42,9.85,0.9159,9.81,14.19,439,0.705,2026-01-30 00:46:53
338,PRESS-001,2024-03-08 23:59:59,495.7167,41.19,21.66,0.9403,9.47,14.53,456,1.0871,2026-01-30 00:46:53
339,PRESS-002,2024-03-08 23:59:59,477.8444,34.37,19.8,0.8941,10.94,13.06,619,0.772,2026-01-30 00:46:53
340,ASM-001,2024-03-08 23:59:59,214.4139,7.78,4.24,0.859,4.44,19.56,188,1.1405,2026-01-30 00:46:53
341,INJ-001,2024-03-09 23:59:59,361.0708,21.19,15.26,0.9247,4.13,19.87,252,1.4328,2026-01-30 00:46:53
342,INJ-002,2024-03-09 23:59:59,269.2742,12.74,9.42,0.8632,16.26,7.74,696,0.3869,2026-01-30 00:46:53
343,PRESS-001,2024-03-09 23:59:59,498.7222,31.16,21.32,0.9471,14.21,9.79,673,0.741,2026-01-30 00:46:53
344,PRESS-002,2024-03-09 23:59:59,452.1667,25.89,17.74,0.9413,12.33,11.67,625,0.7235,2026-01-30 00:46:53
345,ASM-001,2024-03-09 23:59:59,213.9389,6.47,4.18,0.8757,4.48,19.52,187,1.1441,2026-01-30 00:46:53
346,INJ-001,2024-03-10 23:59:59,363.5292,24.58,15.88,0.8982,4.0,20.0,254,1.4312,2026-01-30 00:46:53
347,INJ-002,2024-03-10 23:59:59,279.8408,15.57,10.1,0.9247,16.36,7.64,751,0.3726,2026-01-30 00:46:53
348,PRESS-001,2024-03-10 23:59:59,511.3444,31.28,22.32,0.8615,13.51,10.49,670,0.7632,2026-01-30 00:46:53
349,PRESS-002,2024-03-10 23:59:59,486.9778,33.47,21.06,0.8641,6.56,17.44,395,1.2329,2026-01-30 00:46:53
350,ASM-001,2024-03-10 23:59:59,216.9222,7.54,4.74,0.936,4.39,19.61,208,1.0429,2026-01-30 00:46:53
351,INJ-001,2024-03-11 23:59:59,341.5333,24.56,12.49,0.9467,7.36,16.64,368,0.9281,2026-01-30 00:46:53
352,INJ-002,2024-03-11 23:59:59,308.685,18.47,10.22,0.9291,10.72,13.28,498,0.6198,2026-01-30 00:46:53
353,PRESS-001,2024-03-11 23:59:59,501.9889,33.76,21.44,0.8955,15.24,8.76,726,0.6914,2026-01-30 00:46:53
354,PRESS-002,2024-03-11 23:59:59,464.9111,33.26,17.94,0.9085,7.32,16.68,375,1.2398,2026-01-30 00:46:53
355,ASM-001,2024-03-11 23:59:59,197.8639,8.93,4.48,0.8608,7.63,16.37,342,0.5785,2026-01-30 00:46:53
356,INJ-001,2024-03-12 23:59:59,339.8,18.6,12.29,0.9384,7.45,16.55,366,0.9284,2026-01-30 00:46:53
357,INJ-002,2024-03-12 23:59:59,307.675,20.73,11.0,0.8721,13.1,10.9,655,0.4697,2026-01-30 00:46:53
358,PRESS-001,2024-03-12 23:59:59,515.8222,40.86,24.49,0.9409,7.97,16.03,434,1.1885,2026-01-30 00:46:53
359,PRESS-002,2024-03-12 23:59:59,446.7389,26.89,16.37,0.864,9.15,14.85,428,1.0438,2026-01-30 00:46:53
360,ASM-001,2024-03-12 23:59:59,208.875,6.29,3.42,0.8993,4.73,19.27,162,1.2894,2026-01-30 00:46:53
361,INJ-001,2024-03-13 23:59:59,343.8583,19.08,11.24,0.8636,4.29,19.71,193,1.7816,2026-01-30 00:46:53
362,INJ-002,2024-03-13 23:59:59,284.3383,17.33,9.78,0.9243,14.49,9.51,644,0.4415,2026-01-30 00:46:53
363,PRESS-001,2024-03-13 23:59:59,506.7444,40.88,21.8,0.9242,14.82,9.18,718,0.7058,2026-01-30 00:46:53
364,PRESS-002,2024-03-13 23:59:59,455.5056,28.81,18.09,0.8599,12.83,11.17,663,0.687,2026-01-30 00:46:53
365,ASM-001,2024-03-13 23:59:59,211.425,7.08,4.14,0.9452,4.88,19.12,202,1.0467,2026-01-30 00:46:53
366,INJ-001,2024-03-14 23:59:59,342.625,19.94,12.97,0.8943,8.54,15.46,443,0.7734,2026-01-30 00:46:53
367,INJ-002,2024-03-14 23:59:59,318.0892,21.61,10.73,0.8599,9.8,14.2,478,0.6655,2026-01-30 00:46:53
368,PRESS-001,2024-03-14 23:59:59,520.4556,42.92,23.58,0.9478,11.3,12.7,592,0.8791,2026-01-30 00:46:53
369,PRESS-002,2024-03-14 23:59:59,436.3389,27.83,16.76,0.869,13.49,10.51,646,0.6754,2026-01-30 00:46:53
370,ASM-001,2024-03-14 23:59:59,174.1361,6.13,3.61,0.8955,10.31,13.69,372,0.4681,2026-01-30 00:46:53
371,INJ-001,2024-03-15 23:59:59,372.4208,34.83,18.92,0.9097,3.17,20.83,240,1.5518,2026-01-30 00:46:53
372,INJ-002,2024-03-15 23:59:59,296.9775,15.51,9.44,0.8744,11.34,12.66,487,0.6098,2026-01-30 00:46:53
373,PRESS-001,2024-03-15 23:59:59,509.1722,36.34,22.4,0.8569,12.18,11.82,606,0.8402,2026-01-30 00:46:53
374,PRESS-002,2024-03-15 23:59:59,455.0667,30.19,17.29,0.8716,9.21,14.79,455,1.0001,2026-01-30 00:46:53
375,ASM-001,2024-03-15 23:59:59,185.5611,7.24,3.98,0.8648,9.04,14.96,360,0.5154,2026-01-30 00:46:53
376,INJ-001,2024-03-16 23:59:59,351.9583,20.59,13.12,0.8503,4.27,19.73,224,1.5712,2026-01-30 00:46:53
377,INJ-002,2024-03-16 23:59:59,322.4967,17.67,11.34,0.8645,10.26,13.74,529,0.6096,2026-01-30 00:46:53
378,PRESS-001,2024-03-16 23:59:59,500.9222,28.72,21.45,0.8751,14.41,9.59,687,0.7291,2026-01-30 00:46:53
379,PRESS-002,2024-03-16 23:59:59,464.1833,25.38,18.77,0.9161,12.85,11.15,689,0.6737,2026-01-30 00:46:53
380,ASM-001,2024-03-16 23:59:59,220.5806,6.07,4.64,0.8515,3.62,20.38,168,1.313,2026-01-30 00:46:53
381,INJ-001,2024-03-17 23:59:59,337.35,18.99,12.35,0.8738,8.56,15.44,423,0.7975,2026-01-30 00:46:53
382,INJ-002,2024-03-17 23:59:59,303.1933,13.89,9.95,0.8674,11.24,12.76,508,0.5968,2026-01-30 00:46:53
383,PRESS-001,2024-03-17 23:59:59,502.7167,29.91,22.73,0.9242,8.31,15.69,420,1.1969,2026-01-30 00:46:53
384,PRESS-002,2024-03-17 23:59:59,453.5833,26.04,17.86,0.9246,12.36,11.64,631,0.7188,2026-01-30 00:46:53
385,ASM-001,2024-03-17 23:59:59,210.2111,5.18,3.59,0.9278,4.65,19.35,167,1.2587,2026-01-30 00:46:53
386,INJ-001,2024-03-18 23:59:59,351.6417,22.5,13.79,0.9004,6.92,17.08,382,0.9205,2026-01-30 00:46:53
387,INJ-002,2024-03-18 23:59:59,323.3892,19.48,11.1,0.9283,9.38,14.62,473,0.6837,2026-01-30 00:46:53
388,PRESS-001,2024-03-18 23:59:59,493.1722,39.57,21.06,0.8958,12.41,11.59,581,0.8488,2026-01-30 00:46:53
389,PRESS-002,2024-03-18 23:59:59,455.9556,31.54,17.84,0.8979,11.14,12.86,568,0.8027,2026-01-30 00:46:53
390,ASM-001,2024-03-18 23:59:59,188.7389,6.9,3.92,0.899,8.44,15.56,331,0.5702,2026-01-30 00:46:53
391,INJ-001,2024-03-19 23:59:59,338.0042,21.61,12.32,0.8581,8.22,15.78,405,0.8346,2026-01-30 00:46:53
392,INJ-002,2024-03-19 23:59:59,305.0042,16.82,10.19,0.8775,11.44,12.56,530,0.5755,2026-01-30 00:46:53
393,PRESS-001,2024-03-19 23:59:59,482.4333,36.45,20.23,0.8825,10.75,13.25,483,0.9988,2026-01-30 00:46:53
394,PRESS-002,2024-03-19 23:59:59,451.4111,32.48,16.85,0.8954,9.08,14.92,437,1.033,2026-01-30 00:46:53
395,ASM-001,2024-03-19 23:59:59,206.0444,6.27,3.78,0.9202,5.46,18.54,206,1.0002,2026-01-30 00:46:53
396,INJ-001,2024-03-20 23:59:59,362.3417,30.0,15.68,0.9269,3.46,20.54,217,1.6698,2026-01-30 00:46:53
397,INJ-002,2024-03-20 23:59:59,317.4183,18.39,10.61,0.8952,9.7,14.3,468,0.6782,2026-01-30 00:46:53
398,PRESS-001,2024-03-20 23:59:59,501.1556,34.55,21.62,0.8953,13.09,10.91,629,0.7967,2026-01-30 00:46:53
399,PRESS-002,2024-03-20 23:59:59,436.7833,26.31,16.5,0.8927,12.35,11.65,582,0.7505,2026-01-30 00:46:53
400,ASM-001,2024-03-20 23:59:59,197.9694,6.12,3.48,0.8653,6.44,17.56,224,0.8838,2026-01-30 00:46:53
401,INJ-001,2024-03-21 23:59:59,333.5667,21.4,12.19,0.9332,9.4,14.6,458,0.7283,2026-01-30 00:46:53
402,INJ-002,2024-03-21 23:59:59,293.26,15.67,10.54,0.9239,14.98,9.02,718,0.4084,2026-01-30 00:46:53
403,PRESS-001,2024-03-21 23:59:59,502.1444,42.7,22.84,0.9086,7.8,16.2,396,1.268,2026-01-30 00:46:53
404,PRESS-002,2024-03-21 23:59:59,462.3611,30.98,18.1,0.8622,9.26,14.74,479,0.9653,2026-01-30 00:46:53
405,ASM-001,2024-03-21 23:59:59,178.1694,6.7,3.86,0.925,10.07,13.93,389,0.458,2026-01-30 00:46:53
406,INJ-001,2024-03-22 23:59:59,347.6292,23.3,12.0,0.9468,4.12,19.88,198,1.7557,2026-01-30 00:46:53
407,INJ-002,2024-03-22 23:59:59,303.645,17.13,9.89,0.9078,11.03,12.97,496,0.6122,2026-01-30 00:46:53
408,PRESS-001,2024-03-22 23:59:59,484.4,34.41,20.49,0.8724,9.0,15.0,410,1.1815,2026-01-30 00:46:53
409,PRESS-002,2024-03-22 23:59:59,455.6222,30.51,18.04,0.8868,12.45,11.55,642,0.7097,2026-01-30 00:46:53
410,ASM-001,2024-03-22 23:59:59,222.175,9.82,5.29,0.9307,3.78,20.22,200,1.1109,2026-01-30 00:46:53
411,INJ-001,2024-03-23 23:59:59,335.2375,18.96,12.2,0.9475,8.85,15.15,432,0.776,2026-01-30 00:46:53
412,INJ-002,2024-03-23 23:59:59,323.2875,17.16,11.1,0.9114,9.41,14.59,475,0.6806,2026-01-30 00:46:53
413,PRESS-001,2024-03-23 23:59:59,512.4778,33.65,22.54,0.8526,12.78,11.22,640,0.8007,2026-01-30 00:46:53
414,PRESS-002,2024-03-23 23:59:59,462.6056,29.16,18.47,0.9329,11.39,12.61,601,0.7697,2026-01-30 00:46:53
415,ASM-001,2024-03-23 23:59:59,214.1,6.34,4.59,0.868,4.79,19.21,220,0.9732,2026-01-30 00:46:53
416,INJ-001,2024-03-24 23:59:59,349.1708,20.38,13.49,0.8809,7.16,16.84,386,0.9046,2026-01-30 00:46:53
417,INJ-002,2024-03-24 23:59:59,300.1117,13.53,9.65,0.8506,11.19,12.81,491,0.6112,2026-01-30 00:46:53
418,PRESS-001,2024-03-24 23:59:59,505.9389,35.54,22.77,0.9066,9.37,14.63,474,1.0674,2026-01-30 00:46:53
419,PRESS-002,2024-03-24 23:59:59,458.25,25.82,18.18,0.8642,11.97,12.03,622,0.7367,2026-01-30 00:46:53
420,ASM-001,2024-03-24 23:59:59,219.1194,6.08,4.08,0.8531,3.53,20.47,144,1.5217,2026-01-30 00:46:53
421,INJ-001,2024-03-25 23:59:59,352.3833,22.61,12.98,0.892,3.77,20.23,196,1.7979,2026-01-30 00:46:53
422,INJ-002,2024-03-25 23:59:59,314.4542,17.2,10.45,0.9222,10.0,14.0,475,0.662,2026-01-30 00:46:53
423,PRESS-001,2024-03-25 23:59:59,506.5722,43.07,23.15,0.8585,8.44,15.56,434,1.1672,2026-01-30 00:46:53
424,PRESS-002,2024-03-25 23:59:59,461.0278,27.28,18.32,0.9118,11.33,12.67,593,0.7774,2026-01-30 00:46:53
425,ASM-001,2024-03-25 23:59:59,217.6833,8.17,4.71,0.9162,4.22,19.78,199,1.0939,2026-01-30 00:46:53
426,INJ-001,2024-03-26 23:59:59,356.3458,23.97,13.95,0.8773,3.48,20.52,194,1.8368,2026-01-30 00:46:53
427,INJ-002,2024-03-26 23:59:59,301.1492,16.93,9.88,0.893,11.49,12.51,516,0.5836,2026-01-30 00:46:53
428,PRESS-001,2024-03-26 23:59:59,513.2444,38.21,22.33,0.8987,14.29,9.71,709,0.7239,2026-01-30 00:46:53
429,PRESS-002,2024-03-26 23:59:59,446.8611,27.71,16.65,0.8895,9.9,14.1,471,0.9487,2026-01-30 00:46:53
430,ASM-001,2024-03-26 23:59:59,204.825,6.64,4.08,0.8801,5.94,18.06,242,0.8464,2026-01-30 00:46:53
431,INJ-001,2024-03-27 23:59:59,329.1167,18.15,11.81,0.8756,9.68,14.32,457,0.7202,2026-01-30 00:46:53
432,INJ-002,2024-03-27 23:59:59,321.085,17.47,11.34,0.9247,10.63,13.37,548,0.5859,2026-01-30 00:46:53
433,PRESS-001,2024-03-27 23:59:59,536.7722,38.58,24.25,0.9204,13.36,10.64,720,0.7455,2026-01-30 00:46:53
434,PRESS-002,2024-03-27 23:59:59,458.0278,31.66,17.24,0.9306,7.96,16.04,392,1.1684,2026-01-30 00:46:53
435,ASM-001,2024-03-27 23:59:59,196.1972,7.8,4.64,0.8542,8.17,15.83,379,0.5177,2026-01-30 00:46:53
436,INJ-001,2024-03-28 23:59:59,340.7792,21.04,12.55,0.9362,7.85,16.15,394,0.8649,2026-01-30 00:46:53
437,INJ-002,2024-03-28 23:59:59,349.0958,24.52,13.71,0.9209,8.43,15.57,525,0.6649,2026-01-30 00:46:53
438,PRESS-001,2024-03-28 23:59:59,514.7611,40.37,25.22,0.8521,6.65,17.35,373,1.3801,2026-01-30 00:46:53
439,PRESS-002,2024-03-28 23:59:59,469.7944,32.86,18.66,0.9118,7.62,16.38,406,1.1571,2026-01-30 00:46:53
440,ASM-001,2024-03-28 23:59:59,187.0056,8.67,4.36,0.8588,9.39,14.61,409,0.4572,2026-01-30 00:46:53
441,INJ-001,2024-03-29 23:59:59,336.05,19.56,10.96,0.9089,5.93,18.07,260,1.2925,2026-01-30 00:46:53
442,INJ-002,2024-03-29 23:59:59,308.27,19.3,11.23,0.881,13.73,10.27,701,0.4398,2026-01-30 00:46:53
443,PRESS-001,2024-03-29 23:59:59,560.5222,43.88,26.83,0.8668,11.79,12.21,703,0.7973,2026-01-30 00:46:53
444,PRESS-002,2024-03-29 23:59:59,451.0111,27.67,16.96,0.901,9.53,14.47,462,0.9762,2026-01-30 00:46:53
445,ASM-001,2024-03-29 23:59:59,186.1111,8.11,4.41,0.9227,9.64,14.36,425,0.4379,2026-01-30 00:46:53
446,INJ-001,2024-03-30 23:59:59,363.9,24.8,16.05,0.9315,3.72,20.28,239,1.5226,2026-01-30 00:46:53
447,INJ-002,2024-03-30 23:59:59,312.2792,15.07,10.99,0.8646,11.91,12.09,595,0.5248,2026-01-30 00:46:53
448,PRESS-001,2024-03-30 23:59:59,510.2889,31.57,23.23,0.9102,9.38,14.62,484,1.0543,2026-01-30 00:46:53
449,PRESS-002,2024-03-30 23:59:59,436.3944,25.13,16.45,0.9156,12.28,11.72,577,0.7563,2026-01-30 00:46:53
450,ASM-001,2024-03-30 23:59:59,219.6028,5.84,4.32,0.9273,3.59,20.41,155,1.4168,2026-01-30 00:46:53
451,INJ-001,2024-03-31 23:59:59,344.7292,16.85,11.63,0.9254,4.53,19.47,211,1.6338,2026-01-30 00:46:53
452,INJ-002,2024-03-31 23:59:59,290.61,13.81,9.04,0.8949,11.64,12.36,478,0.608,2026-01-30 00:46:53
453,PRESS-001,2024-03-31 23:59:59,508.4111,36.61,23.21,0.9064,8.84,15.16,456,1.1149,2026-01-30 00:46:53
454,PRESS-002,2024-03-31 23:59:59,424.0111,24.72,16.59,0.9125,16.4,7.6,777,0.5457,2026-01-30 00:46:53
455,ASM-001,2024-03-31 23:59:59,210.3694,6.49,4.16,0.9127,5.07,18.93,211,0.997,2026-01-30 00:46:53
